id_remboursement,id_credit,retard_jours,defaut
remb_000001,cred_002026,0,0
remb_000002,cred_002225,0,0
remb_000003,cred_001582,77,1
remb_000004,cred_002437,1,0
remb_000005,cred_001682,0,0
remb_000006,cred_002571,5,0
remb_000007,cred_000721,1,0
remb_000008,cred_001948,0,0
remb_000009,cred_000720,0,0
remb_000010,cred_002314,0,0
remb_000011,cred_000090,0,0
remb_000012,cred_001922,2,0
remb_000013,cred_000162,0,0
remb_000014,cred_001163,0,0
remb_000015,cred_002334,0,0
remb_000016,cred_002213,10,0
remb_000017,cred_002289,0,0
remb_000018,cred_001421,0,0
remb_000019,cred_001394,117,1
remb_000020,cred_001246,0,0
remb_000021,cred_001336,0,0
remb_000022,cred_000312,0,0
remb_000023,cred_001510,1,0
remb_000024,cred_002325,0,0
remb_000025,cred_000852,0,0
remb_000026,cred_001817,0,0
remb_000027,cred_000094,101,1
remb_000028,cred_001315,0,0
remb_000029,cred_000997,0,0
remb_000030,cred_000793,0,0
remb_000031,cred_002247,101,1
remb_000032,cred_000676,0,0
remb_000033,cred_001364,1,0
remb_000034,cred_001037,0,0
remb_000035,cred_001683,0,0
remb_000036,cred_000494,61,1
remb_000037,cred_000680,0,0
remb_000038,cred_000542,0,0
remb_000039,cred_001316,69,1
remb_000040,cred_000141,0,0
remb_000041,cred_001343,0,0
remb_000042,cred_001095,0,0
remb_000043,cred_001930,1,0
remb_000044,cred_000652,60,1
remb_000045,cred_000261,33,1
remb_000046,cred_001361,0,0
remb_000047,cred_001900,0,0
remb_000048,cred_000035,0,0
remb_000049,cred_000323,0,0
remb_000050,cred_002147,0,0
remb_000051,cred_002315,0,0
remb_000052,cred_002441,61,1
remb_000053,cred_000334,0,0
remb_000054,cred_001583,10,0
remb_000055,cred_002296,0,0
remb_000056,cred_000369,0,0
remb_000057,cred_000042,116,1
remb_000058,cred_001091,0,0
remb_000059,cred_000513,95,1
remb_000060,cred_001649,0,0
remb_000061,cred_000370,1,0
remb_000062,cred_001614,0,0
remb_000063,cred_001306,0,0
remb_000064,cred_002447,0,0
remb_000065,cred_002067,0,0
remb_000066,cred_000406,0,0
remb_000067,cred_001949,0,0
remb_000068,cred_001885,0,0
remb_000069,cred_002039,0,0
remb_000070,cred_002226,0,0
remb_000071,cred_002555,58,1
remb_000072,cred_001906,0,0
remb_000073,cred_002561,0,0
remb_000074,cred_001348,0,0
remb_000075,cred_002465,0,0
remb_000076,cred_001252,0,0
remb_000077,cred_000651,0,0
remb_000078,cred_000625,0,0
remb_000079,cred_002333,2,0
remb_000080,cred_002346,57,1
remb_000081,cred_000817,80,1
remb_000082,cred_002113,0,0
remb_000083,cred_000124,0,0
remb_000084,cred_002168,0,0
remb_000085,cred_001023,0,0
remb_000086,cred_001152,0,0
remb_000087,cred_001858,1,0
remb_000088,cred_000609,0,0
remb_000089,cred_000517,0,0
remb_000090,cred_001035,0,0
remb_000091,cred_001169,0,0
remb_000092,cred_000216,57,1
remb_000093,cred_001164,2,0
remb_000094,cred_001904,2,0
remb_000095,cred_002551,0,0
remb_000096,cred_001549,1,0
remb_000097,cred_000010,0,0
remb_000098,cred_002699,69,1
remb_000099,cred_002432,0,0
remb_000100,cred_002360,0,0
remb_000101,cred_001552,37,1
remb_000102,cred_000768,104,1
remb_000103,cred_001915,0,0
remb_000104,cred_000416,0,0
remb_000105,cred_002086,1,0
remb_000106,cred_001370,0,0
remb_000107,cred_000126,114,1
remb_000108,cred_000567,0,0
remb_000109,cred_000631,0,0
remb_000110,cred_002433,0,0
remb_000111,cred_002644,0,0
remb_000112,cred_000307,0,0
remb_000113,cred_001276,0,0
remb_000114,cred_001414,32,1
remb_000115,cred_001081,0,0
remb_000116,cred_001556,0,0
remb_000117,cred_001923,10,0
remb_000118,cred_000116,5,0
remb_000119,cred_000636,84,1
remb_000120,cred_001019,0,0
remb_000121,cred_001877,0,0
remb_000122,cred_002560,0,0
remb_000123,cred_001264,1,0
remb_000124,cred_000532,1,0
remb_000125,cred_000894,80,1
remb_000126,cred_001569,56,1
remb_000127,cred_001745,0,0
remb_000128,cred_000621,0,0
remb_000129,cred_002686,0,0
remb_000130,cred_002626,0,0
remb_000131,cred_002568,0,0
remb_000132,cred_000119,0,0
remb_000133,cred_001140,0,0
remb_000134,cred_001443,1,0
remb_000135,cred_002695,104,1
remb_000136,cred_001491,73,1
remb_000137,cred_000433,83,1
remb_000138,cred_002199,0,0
remb_000139,cred_002016,5,0
remb_000140,cred_000279,0,0
remb_000141,cred_000612,0,0
remb_000142,cred_000810,94,1
remb_000143,cred_002093,0,0
remb_000144,cred_000818,0,0
remb_000145,cred_000742,0,0
remb_000146,cred_001494,2,0
remb_000147,cred_001575,0,0
remb_000148,cred_001446,35,1
remb_000149,cred_002204,0,0
remb_000150,cred_001428,0,0
remb_000151,cred_000173,31,1
remb_000152,cred_001390,0,0
remb_000153,cred_001516,0,0
remb_000154,cred_000324,0,0
remb_000155,cred_002185,5,0
remb_000156,cred_000722,1,0
remb_000157,cred_002559,0,0
remb_000158,cred_000467,0,0
remb_000159,cred_000975,0,0
remb_000160,cred_000535,0,0
remb_000161,cred_001679,0,0
remb_000162,cred_000989,0,0
remb_000163,cred_000505,0,0
remb_000164,cred_002170,0,0
remb_000165,cred_001492,0,0
remb_000166,cred_001783,0,0
remb_000167,cred_000543,5,0
remb_000168,cred_001074,0,0
remb_000169,cred_001022,0,0
remb_000170,cred_000350,0,0
remb_000171,cred_001691,0,0
remb_000172,cred_000608,0,0
remb_000173,cred_001653,0,0
remb_000174,cred_001189,2,0
remb_000175,cred_000956,64,1
remb_000176,cred_002373,0,0
remb_000177,cred_001713,0,0
remb_000178,cred_001291,0,0
remb_000179,cred_001378,1,0
remb_000180,cred_001701,1,0
remb_000181,cred_002111,5,0
remb_000182,cred_000965,0,0
remb_000183,cred_001852,77,1
remb_000184,cred_000824,0,0
remb_000185,cred_000766,0,0
remb_000186,cred_000367,1,0
remb_000187,cred_001444,0,0
remb_000188,cred_000961,5,0
remb_000189,cred_000363,85,1
remb_000190,cred_001753,95,1
remb_000191,cred_000400,0,0
remb_000192,cred_001029,0,0
remb_000193,cred_000281,2,0
remb_000194,cred_002512,0,0
remb_000195,cred_002495,0,0
remb_000196,cred_001927,0,0
remb_000197,cred_002348,0,0
remb_000198,cred_000743,0,0
remb_000199,cred_000165,5,0
remb_000200,cred_002145,0,0
remb_000201,cred_001211,15,0
remb_000202,cred_001505,10,0
remb_000203,cred_000585,38,1
remb_000204,cred_000877,0,0
remb_000205,cred_000635,0,0
remb_000206,cred_000978,0,0
remb_000207,cred_002051,1,0
remb_000208,cred_002237,0,0
remb_000209,cred_001799,0,0
remb_000210,cred_000738,1,0
remb_000211,cred_001018,65,1
remb_000212,cred_002627,0,0
remb_000213,cred_002572,0,0
remb_000214,cred_002200,0,0
remb_000215,cred_002641,0,0
remb_000216,cred_001560,0,0
remb_000217,cred_000770,0,0
remb_000218,cred_001335,0,0
remb_000219,cred_001725,0,0
remb_000220,cred_002160,119,1
remb_000221,cred_001170,44,1
remb_000222,cred_001739,1,0
remb_000223,cred_000783,1,0
remb_000224,cred_001500,35,1
remb_000225,cred_000618,5,0
remb_000226,cred_000723,0,0
remb_000227,cred_001110,0,0
remb_000228,cred_001593,0,0
remb_000229,cred_002091,0,0
remb_000230,cred_001769,2,0
remb_000231,cred_001186,0,0
remb_000232,cred_000170,0,0
remb_000233,cred_000977,15,0
remb_000234,cred_000204,0,0
remb_000235,cred_001353,0,0
remb_000236,cred_000121,0,0
remb_000237,cred_002488,0,0
remb_000238,cred_002293,15,0
remb_000239,cred_001656,1,0
remb_000240,cred_000063,0,0
remb_000241,cred_001266,5,0
remb_000242,cred_000759,0,0
remb_000243,cred_001045,0,0
remb_000244,cred_000825,0,0
remb_000245,cred_001419,0,0
remb_000246,cred_001891,0,0
remb_000247,cred_000874,115,1
remb_000248,cred_002326,0,0
remb_000249,cred_002055,0,0
remb_000250,cred_000049,0,0
remb_000251,cred_000697,0,0
remb_000252,cred_001132,0,0
remb_000253,cred_000698,0,0
remb_000254,cred_002139,0,0
remb_000255,cred_002518,0,0
remb_000256,cred_001658,0,0
remb_000257,cred_000032,1,0
remb_000258,cred_001544,0,0
remb_000259,cred_002632,0,0
remb_000260,cred_000617,0,0
remb_000261,cred_000988,5,0
remb_000262,cred_000951,0,0
remb_000263,cred_001167,0,0
remb_000264,cred_001254,0,0
remb_000265,cred_001248,55,1
remb_000266,cred_001909,108,1
remb_000267,cred_000349,105,1
remb_000268,cred_001929,0,0
remb_000269,cred_000229,0,0
remb_000270,cred_002618,0,0
remb_000271,cred_001203,2,0
remb_000272,cred_001815,0,0
remb_000273,cred_000347,0,0
remb_000274,cred_000360,10,0
remb_000275,cred_001267,1,0
remb_000276,cred_000359,0,0
remb_000277,cred_001527,0,0
remb_000278,cred_000524,0,0
remb_000279,cred_001230,0,0
remb_000280,cred_001629,94,1
remb_000281,cred_001150,15,0
remb_000282,cred_001543,1,0
remb_000283,cred_000210,0,0
remb_000284,cred_000952,0,0
remb_000285,cred_001695,45,1
remb_000286,cred_000056,0,0
remb_000287,cred_001712,0,0
remb_000288,cred_002392,5,0
remb_000289,cred_001647,87,1
remb_000290,cred_000196,0,0
remb_000291,cred_002018,0,0
remb_000292,cred_000111,51,1
remb_000293,cred_000422,1,0
remb_000294,cred_000657,0,0
remb_000295,cred_000280,1,0
remb_000296,cred_002174,95,1
remb_000297,cred_001260,0,0
remb_000298,cred_000112,0,0
remb_000299,cred_000230,2,0
remb_000300,cred_001430,5,0
remb_000301,cred_000077,2,0
remb_000302,cred_000272,0,0
remb_000303,cred_002193,0,0
remb_000304,cred_002438,5,0
remb_000305,cred_002378,0,0
remb_000306,cred_001001,0,0
remb_000307,cred_002457,63,1
remb_000308,cred_000268,0,0
remb_000309,cred_000661,0,0
remb_000310,cred_000834,67,1
remb_000311,cred_001272,0,0
remb_000312,cred_001911,0,0
remb_000313,cred_000357,1,0
remb_000314,cred_000950,0,0
remb_000315,cred_001299,1,0
remb_000316,cred_000314,0,0
remb_000317,cred_000526,0,0
remb_000318,cred_000795,0,0
remb_000319,cred_002394,15,0
remb_000320,cred_001326,0,0
remb_000321,cred_001220,0,0
remb_000322,cred_001693,55,1
remb_000323,cred_000362,76,1
remb_000324,cred_000624,15,0
remb_000325,cred_001289,10,0
remb_000326,cred_000685,1,0
remb_000327,cred_000380,100,1
remb_000328,cred_000699,1,0
remb_000329,cred_000929,1,0
remb_000330,cred_001108,35,1
remb_000331,cred_002473,64,1
remb_000332,cred_000441,0,0
remb_000333,cred_000493,1,0
remb_000334,cred_000875,0,0
remb_000335,cred_001624,0,0
remb_000336,cred_001046,0,0
remb_000337,cred_002002,0,0
remb_000338,cred_002205,0,0
remb_000339,cred_000262,98,1
remb_000340,cred_000949,0,0
remb_000341,cred_000755,2,0
remb_000342,cred_000045,2,0
remb_000343,cred_000322,0,0
remb_000344,cred_001746,0,0
remb_000345,cred_002658,0,0
remb_000346,cred_000955,66,1
remb_000347,cred_001789,0,0
remb_000348,cred_001845,15,0
remb_000349,cred_001468,0,0
remb_000350,cred_000816,0,0
remb_000351,cred_002216,0,0
remb_000352,cred_000751,0,0
remb_000353,cred_002015,0,0
remb_000354,cred_001160,40,1
remb_000355,cred_000007,63,1
remb_000356,cred_001596,0,0
remb_000357,cred_001553,0,0
remb_000358,cred_002000,0,0
remb_000359,cred_001901,1,0
remb_000360,cred_000802,0,0
remb_000361,cred_001539,0,0
remb_000362,cred_000060,5,0
remb_000363,cred_002049,0,0
remb_000364,cred_000525,0,0
remb_000365,cred_000982,0,0
remb_000366,cred_002027,0,0
remb_000367,cred_000957,0,0
remb_000368,cred_000880,1,0
remb_000369,cred_002602,0,0
remb_000370,cred_002061,15,0
remb_000371,cred_000969,1,0
remb_000372,cred_002140,1,0
remb_000373,cred_001435,46,1
remb_000374,cred_000805,81,1
remb_000375,cred_000632,10,0
remb_000376,cred_002554,0,0
remb_000377,cred_001044,114,1
remb_000378,cred_000858,116,1
remb_000379,cred_000733,35,1
remb_000380,cred_000833,52,1
remb_000381,cred_002507,0,0
remb_000382,cred_000180,0,0
remb_000383,cred_001805,87,1
remb_000384,cred_002375,65,1
remb_000385,cred_000538,0,0
remb_000386,cred_001572,0,0
remb_000387,cred_001243,0,0
remb_000388,cred_000732,67,1
remb_000389,cred_002683,107,1
remb_000390,cred_001281,0,0
remb_000391,cred_000274,0,0
remb_000392,cred_001702,1,0
remb_000393,cred_001796,0,0
remb_000394,cred_001380,0,0
remb_000395,cred_002302,0,0
remb_000396,cred_000922,5,0
remb_000397,cred_002651,75,1
remb_000398,cred_000471,0,0
remb_000399,cred_000562,72,1
remb_000400,cred_002386,5,0
remb_000401,cred_000653,114,1
remb_000402,cred_000143,0,0
remb_000403,cred_001247,0,0
remb_000404,cred_000315,0,0
remb_000405,cred_000605,0,0
remb_000406,cred_001144,0,0
remb_000407,cred_001292,1,0
remb_000408,cred_000923,0,0
remb_000409,cred_000474,0,0
remb_000410,cred_000292,15,0
remb_000411,cred_001964,1,0
remb_000412,cred_001228,1,0
remb_000413,cred_002335,0,0
remb_000414,cred_000161,0,0
remb_000415,cred_001648,47,1
remb_000416,cred_000821,96,1
remb_000417,cred_001889,61,1
remb_000418,cred_000171,0,0
remb_000419,cred_000375,0,0
remb_000420,cred_002439,2,0
remb_000421,cred_001344,0,0
remb_000422,cred_001249,90,1
remb_000423,cred_000123,92,1
remb_000424,cred_001618,15,0
remb_000425,cred_001438,113,1
remb_000426,cred_002019,0,0
remb_000427,cred_002290,32,1
remb_000428,cred_001445,2,0
remb_000429,cred_000807,0,0
remb_000430,cred_001791,0,0
remb_000431,cred_001342,0,0
remb_000432,cred_001548,1,0
remb_000433,cred_002232,35,1
remb_000434,cred_002120,84,1
remb_000435,cred_002312,0,0
remb_000436,cred_000891,0,0
remb_000437,cred_001586,0,0
remb_000438,cred_000030,0,0
remb_000439,cred_002322,15,0
remb_000440,cred_001490,0,0
remb_000441,cred_000133,34,1
remb_000442,cred_000918,0,0
remb_000443,cred_001652,101,1
remb_000444,cred_000208,0,0
remb_000445,cred_001384,0,0
remb_000446,cred_000970,0,0
remb_000447,cred_002311,2,0
remb_000448,cred_002546,0,0
remb_000449,cred_002327,0,0
remb_000450,cred_000696,0,0
remb_000451,cred_000915,0,0
remb_000452,cred_000920,1,0
remb_000453,cred_000515,0,0
remb_000454,cred_002421,2,0
remb_000455,cred_002151,0,0
remb_000456,cred_001304,69,1
remb_000457,cred_000232,97,1
remb_000458,cred_001146,0,0
remb_000459,cred_002595,2,0
remb_000460,cred_001054,0,0
remb_000461,cred_000432,0,0
remb_000462,cred_000101,0,0
remb_000463,cred_002566,0,0
remb_000464,cred_000440,61,1
remb_000465,cred_001645,0,0
remb_000466,cred_000472,0,0
remb_000467,cred_001894,10,0
remb_000468,cred_001975,0,0
remb_000469,cred_002017,2,0
remb_000470,cred_002092,0,0
remb_000471,cred_000491,0,0
remb_000472,cred_001265,0,0
remb_000473,cred_001506,64,1
remb_000474,cred_001439,10,0
remb_000475,cred_000523,0,0
remb_000476,cred_002295,51,1
remb_000477,cred_002294,1,0
remb_000478,cred_000903,5,0
remb_000479,cred_000079,15,0
remb_000480,cred_000912,0,0
remb_000481,cred_001566,0,0
remb_000482,cred_000146,0,0
remb_000483,cred_001876,0,0
remb_000484,cred_001131,0,0
remb_000485,cred_001737,0,0
remb_000486,cred_002098,0,0
remb_000487,cred_000947,0,0
remb_000488,cred_001109,0,0
remb_000489,cred_000553,1,0
remb_000490,cred_001540,5,0
remb_000491,cred_002702,2,0
remb_000492,cred_001976,53,1
remb_000493,cred_002163,1,0
remb_000494,cred_002318,88,1
remb_000495,cred_001681,0,0
remb_000496,cred_000382,2,0
remb_000497,cred_000368,0,0
remb_000498,cred_001141,0,0
remb_000499,cred_000434,0,0
remb_000500,cred_000844,2,0
remb_000501,cred_001032,0,0
remb_000502,cred_000672,0,0
remb_000503,cred_000914,0,0
remb_000504,cred_000225,0,0
remb_000505,cred_000018,0,0
remb_000506,cred_002508,0,0
remb_000507,cred_000574,0,0
remb_000508,cred_001589,0,0
remb_000509,cred_000053,5,0
remb_000510,cred_001229,0,0
remb_000511,cred_001488,0,0
remb_000512,cred_002218,0,0
remb_000513,cred_000713,1,0
remb_000514,cred_000092,0,0
remb_000515,cred_002345,67,1
remb_000516,cred_002483,0,0
remb_000517,cred_002148,113,1
remb_000518,cred_001143,0,0
remb_000519,cred_001429,1,0
remb_000520,cred_000089,5,0
remb_000521,cred_000619,0,0
remb_000522,cred_000285,61,1
remb_000523,cred_002063,0,0
remb_000524,cred_001826,66,1
remb_000525,cred_000325,71,1
remb_000526,cred_001639,0,0
remb_000527,cred_000939,5,0
remb_000528,cred_000601,0,0
remb_000529,cred_002623,0,0
remb_000530,cred_000163,0,0
remb_000531,cred_000213,0,0
remb_000532,cred_000294,0,0
remb_000533,cred_000677,0,0
remb_000534,cred_000883,2,0
remb_000535,cred_000777,15,0
remb_000536,cred_002556,0,0
remb_000537,cred_002448,5,0
remb_000538,cred_001442,0,0
remb_000539,cred_000848,0,0
remb_000540,cred_001738,0,0
remb_000541,cred_000034,0,0
remb_000542,cred_000102,0,0
remb_000543,cred_000014,0,0
remb_000544,cred_000881,104,1
remb_000545,cred_001436,0,0
remb_000546,cred_001727,0,0
remb_000547,cred_002530,0,0
remb_000548,cred_002033,2,0
remb_000549,cred_002466,0,0
remb_000550,cred_002389,0,0
remb_000551,cred_001288,39,1
remb_000552,cred_002056,0,0
remb_000553,cred_002095,0,0
remb_000554,cred_001882,0,0
remb_000555,cred_001696,0,0
remb_000556,cred_000799,0,0
remb_000557,cred_000641,10,0
remb_000558,cred_002043,0,0
remb_000559,cred_002463,78,1
remb_000560,cred_001594,0,0
remb_000561,cred_002248,5,0
remb_000562,cred_002562,0,0
remb_000563,cred_000823,0,0
remb_000564,cred_000311,0,0
remb_000565,cred_001317,5,0
remb_000566,cred_001496,1,0
remb_000567,cred_001521,0,0
remb_000568,cred_000760,1,0
remb_000569,cred_001014,0,0
remb_000570,cred_001451,0,0
remb_000571,cred_000227,0,0
remb_000572,cred_001462,0,0
remb_000573,cred_000736,1,0
remb_000574,cred_001102,0,0
remb_000575,cred_002443,66,1
remb_000576,cred_000876,1,0
remb_000577,cred_001832,0,0
remb_000578,cred_002578,0,0
remb_000579,cred_001202,15,0
remb_000580,cred_000925,0,0
remb_000581,cred_002552,0,0
remb_000582,cred_001865,15,0
remb_000583,cred_001475,114,1
remb_000584,cred_001676,0,0
remb_000585,cred_000889,0,0
remb_000586,cred_001680,43,1
remb_000587,cred_002631,0,0
remb_000588,cred_002517,0,0
remb_000589,cred_001290,0,0
remb_000590,cred_002370,15,0
remb_000591,cred_002588,0,0
remb_000592,cred_001655,91,1
remb_000593,cred_001375,0,0
remb_000594,cred_002304,0,0
remb_000595,cred_002643,95,1
remb_000596,cred_000892,0,0
remb_000597,cred_000329,1,0
remb_000598,cred_000573,0,0
remb_000599,cred_000814,0,0
remb_000600,cred_002030,0,0
remb_000601,cred_000048,0,0
remb_000602,cred_001056,0,0
remb_000603,cred_001636,0,0
remb_000604,cred_001754,0,0
remb_000605,cred_000822,38,1
remb_000606,cred_000613,0,0
remb_000607,cred_000958,1,0
remb_000608,cred_001630,0,0
remb_000609,cred_001352,1,0
remb_000610,cred_000586,1,0
remb_000611,cred_000648,0,0
remb_000612,cred_000095,0,0
remb_000613,cred_000831,0,0
remb_000614,cred_002025,0,0
remb_000615,cred_002317,0,0
remb_000616,cred_000731,69,1
remb_000617,cred_000257,0,0
remb_000618,cred_002581,61,1
remb_000619,cred_002022,1,0
remb_000620,cred_001757,15,0
remb_000621,cred_000278,46,1
remb_000622,cred_000724,0,0
remb_000623,cred_000895,2,0
remb_000624,cred_000174,2,0
remb_000625,cred_001507,0,0
remb_000626,cred_001755,0,0
remb_000627,cred_001833,0,0
remb_000628,cred_001225,1,0
remb_000629,cred_001530,0,0
remb_000630,cred_000691,113,1
remb_000631,cred_001199,0,0
remb_000632,cred_001587,1,0
remb_000633,cred_001286,0,0
remb_000634,cred_000482,0,0
remb_000635,cred_001628,0,0
remb_000636,cred_002094,0,0
remb_000637,cred_001779,84,1
remb_000638,cred_001690,31,1
remb_000639,cred_001981,0,0
remb_000640,cred_000260,2,0
remb_000641,cred_001237,0,0
remb_000642,cred_001107,0,0
remb_000643,cred_000819,0,0
remb_000644,cred_000835,0,0
remb_000645,cred_001531,0,0
remb_000646,cred_000664,0,0
remb_000647,cred_000663,49,1
remb_000648,cred_000954,2,0
remb_000649,cred_001601,0,0
remb_000650,cred_002297,77,1
remb_000651,cred_000453,0,0
remb_000652,cred_001795,2,0
remb_000653,cred_000945,0,0
remb_000654,cred_002550,62,1
remb_000655,cred_000882,0,0
remb_000656,cred_001463,48,1
remb_000657,cred_001860,1,0
remb_000658,cred_001526,15,0
remb_000659,cred_002228,106,1
remb_000660,cred_002034,0,0
remb_000661,cred_001895,0,0
remb_000662,cred_002275,0,0
remb_000663,cred_000840,0,0
remb_000664,cred_002068,10,0
remb_000665,cred_000803,0,0
remb_000666,cred_002064,0,0
remb_000667,cred_002579,0,0
remb_000668,cred_000916,102,1
remb_000669,cred_001198,0,0
remb_000670,cred_002541,0,0
remb_000671,cred_001385,5,0
remb_000672,cred_002189,0,0
remb_000673,cred_000080,0,0
remb_000674,cred_000674,0,0
remb_000675,cred_000546,0,0
remb_000676,cred_001770,0,0
remb_000677,cred_000185,0,0
remb_000678,cred_000145,0,0
remb_000679,cred_001580,0,0
remb_000680,cred_000981,1,0
remb_000681,cred_002563,1,0
remb_000682,cred_000655,0,0
remb_000683,cred_001040,0,0
remb_000684,cred_001502,0,0
remb_000685,cred_001259,0,0
remb_000686,cred_002587,108,1
remb_000687,cred_000610,114,1
remb_000688,cred_001116,0,0
remb_000689,cred_000224,2,0
remb_000690,cred_000037,0,0
remb_000691,cred_001080,91,1
remb_000692,cred_001224,0,0
remb_000693,cred_000886,0,0
remb_000694,cred_001422,0,0
remb_000695,cred_001092,69,1
remb_000696,cred_000550,0,0
remb_000697,cred_000785,10,0
remb_000698,cred_000366,0,0
remb_000699,cred_002586,2,0
remb_000700,cred_000565,0,0
remb_000701,cred_000815,0,0
remb_000702,cred_001724,15,0
remb_000703,cred_000797,0,0
remb_000704,cred_000011,0,0
remb_000705,cred_000284,1,0
remb_000706,cred_001465,0,0
remb_000707,cred_002121,2,0
remb_000708,cred_001887,99,1
remb_000709,cred_002032,0,0
remb_000710,cred_002564,0,0
remb_000711,cred_001103,0,0
remb_000712,cred_002356,0,0
remb_000713,cred_000031,0,0
remb_000714,cred_002009,0,0
remb_000715,cred_001711,0,0
remb_000716,cred_001563,76,1
remb_000717,cred_000737,1,0
remb_000718,cred_001875,0,0
remb_000719,cred_001133,2,0
remb_000720,cred_000606,0,0
remb_000721,cred_002696,0,0
remb_000722,cred_001179,15,0
remb_000723,cred_000215,0,0
remb_000724,cred_001961,0,0
remb_000725,cred_001360,0,0
remb_000726,cred_002224,1,0
remb_000727,cred_001886,115,1
remb_000728,cred_001379,31,1
remb_000729,cred_001181,0,0
remb_000730,cred_001305,0,0
remb_000731,cred_001844,0,0
remb_000732,cred_001637,105,1
remb_000733,cred_001790,0,0
remb_000734,cred_000735,0,0
remb_000735,cred_001362,0,0
remb_000736,cred_001064,0,0
remb_000737,cred_000044,10,0
remb_000738,cred_000756,5,0
remb_000739,cred_002703,113,1
remb_000740,cred_001093,0,0
remb_000741,cred_000392,10,0
remb_000742,cred_001659,0,0
remb_000743,cred_000946,0,0
remb_000744,cred_002470,0,0
remb_000745,cred_001866,101,1
remb_000746,cred_000027,81,1
remb_000747,cred_001099,5,0
remb_000748,cred_001584,0,0
remb_000749,cred_001684,100,1
remb_000750,cred_002347,10,0
remb_000751,cred_000259,0,0
remb_000752,cred_000383,10,0
remb_000753,cred_000725,0,0
remb_000754,cred_001862,0,0
remb_000755,cred_002372,0,0
remb_000756,cred_000021,0,0
remb_000757,cred_002634,0,0
remb_000758,cred_002516,0,0
remb_000759,cred_002605,5,0
remb_000760,cred_002584,0,0
remb_000761,cred_000345,0,0
remb_000762,cred_001075,0,0
remb_000763,cred_001573,0,0
remb_000764,cred_001294,85,1
remb_000765,cred_002084,0,0
remb_000766,cred_001752,0,0
remb_000767,cred_000843,0,0
remb_000768,cred_002128,0,0
remb_000769,cred_002127,59,1
remb_000770,cred_001828,0,0
remb_000771,cred_001006,0,0
remb_000772,cred_000147,0,0
remb_000773,cred_001758,0,0
remb_000774,cred_002241,96,1
remb_000775,cred_000473,0,0
remb_000776,cred_002638,83,1
remb_000777,cred_002192,0,0
remb_000778,cred_001883,0,0
remb_000779,cred_002599,102,1
remb_000780,cred_002097,1,0
remb_000781,cred_000327,0,0
remb_000782,cred_001762,0,0
remb_000783,cred_002600,0,0
remb_000784,cred_000921,10,0
remb_000785,cred_001600,0,0
remb_000786,cred_000966,0,0
remb_000787,cred_000932,0,0
remb_000788,cred_001664,104,1
remb_000789,cred_000043,0,0
remb_000790,cred_002557,64,1
remb_000791,cred_001846,2,0
remb_000792,cred_000642,0,0
remb_000793,cred_001295,0,0
remb_000794,cred_002514,86,1
remb_000795,cred_000907,0,0
remb_000796,cred_000909,1,0
remb_000797,cred_000125,0,0
remb_000798,cred_001536,0,0
remb_000799,cred_001861,0,0
remb_000800,cred_000773,0,0
remb_000801,cred_001088,0,0
remb_000802,cred_002384,68,1
remb_000803,cred_000328,0,0
remb_000804,cred_001218,0,0
remb_000805,cred_002380,0,0
remb_000806,cred_000576,0,0
remb_000807,cred_002273,0,0
remb_000808,cred_002078,1,0
remb_000809,cred_000081,0,0
remb_000810,cred_000407,73,1
remb_000811,cred_001854,0,0
remb_000812,cred_001391,0,0
remb_000813,cred_000856,5,0
remb_000814,cred_001358,0,0
remb_000815,cred_002365,15,0
remb_000816,cred_002592,2,0
remb_000817,cred_002390,1,0
remb_000818,cred_001377,0,0
remb_000819,cred_002230,82,1
remb_000820,cred_001437,0,0
remb_000821,cred_000275,0,0
remb_000822,cred_000343,0,0
remb_000823,cred_001760,1,0
remb_000824,cred_001811,15,0
remb_000825,cred_002610,2,0
remb_000826,cred_001958,0,0
remb_000827,cred_000910,0,0
remb_000828,cred_001722,0,0
remb_000829,cred_001839,0,0
remb_000830,cred_001312,0,0
remb_000831,cred_000868,73,1
remb_000832,cred_000972,0,0
remb_000833,cred_000033,0,0
remb_000834,cred_001813,0,0
remb_000835,cred_001988,0,0
remb_000836,cred_000394,0,0
remb_000837,cred_000271,1,0
remb_000838,cred_000242,0,0
remb_000839,cred_001881,0,0
remb_000840,cred_001675,0,0
remb_000841,cred_002268,1,0
remb_000842,cred_001255,0,0
remb_000843,cred_001831,0,0
remb_000844,cred_001726,81,1
remb_000845,cred_002509,0,0
remb_000846,cred_000267,0,0
remb_000847,cred_000435,0,0
remb_000848,cred_000298,0,0
remb_000849,cred_002065,0,0
remb_000850,cred_001156,0,0
remb_000851,cred_001303,2,0
remb_000852,cred_002023,0,0
remb_000853,cred_001388,0,0
remb_000854,cred_002500,5,0
remb_000855,cred_001474,0,0
remb_000856,cred_000086,0,0
remb_000857,cred_000071,0,0
remb_000858,cred_000066,81,1
remb_000859,cred_002288,0,0
remb_000860,cred_002177,5,0
remb_000861,cred_002320,0,0
remb_000862,cred_001396,0,0
remb_000863,cred_002079,33,1
remb_000864,cred_000832,0,0
remb_000865,cred_001476,0,0
remb_000866,cred_000047,114,1
remb_000867,cred_002050,101,1
remb_000868,cred_000346,0,0
remb_000869,cred_001604,2,0
remb_000870,cred_000544,0,0
remb_000871,cred_000668,87,1
remb_000872,cred_002403,0,0
remb_000873,cred_002231,1,0
remb_000874,cred_000650,41,1
remb_000875,cred_001808,0,0
remb_000876,cred_000277,2,0
remb_000877,cred_002053,0,0
remb_000878,cred_000607,0,0
remb_000879,cred_000662,0,0
remb_000880,cred_002202,0,0
remb_000881,cred_001532,0,0
remb_000882,cred_000287,1,0
remb_000883,cred_000597,0,0
remb_000884,cred_001129,0,0
remb_000885,cred_001219,0,0
remb_000886,cred_002708,10,0
remb_000887,cred_000849,5,0
remb_000888,cred_002355,0,0
remb_000889,cred_001124,0,0
remb_000890,cred_002021,0,0
remb_000891,cred_002501,2,0
remb_000892,cred_002706,1,0
remb_000893,cred_000739,10,0
remb_000894,cred_002629,0,0
remb_000895,cred_000706,0,0
remb_000896,cred_000084,0,0
remb_000897,cred_001121,0,0
remb_000898,cred_000150,100,1
remb_000899,cred_001843,0,0
remb_000900,cred_002567,0,0
remb_000901,cred_000498,2,0
remb_000902,cred_000516,105,1
remb_000903,cred_000534,0,0
remb_000904,cred_001794,0,0
remb_000905,cred_000243,0,0
remb_000906,cred_001761,0,0
remb_000907,cred_002249,1,0
remb_000908,cred_001434,0,0
remb_000909,cred_000861,66,1
remb_000910,cred_001980,0,0
remb_000911,cred_002133,0,0
remb_000912,cred_002191,0,0
remb_000913,cred_000093,0,0
remb_000914,cred_001412,2,0
remb_000915,cred_000649,0,0
remb_000916,cred_001314,0,0
remb_000917,cred_002321,5,0
remb_000918,cred_001721,0,0
remb_000919,cred_000301,0,0
remb_000920,cred_001644,47,1
remb_000921,cred_002277,41,1
remb_000922,cred_001765,0,0
remb_000923,cred_000890,77,1
remb_000924,cred_001258,1,0
remb_000925,cred_000431,2,0
remb_000926,cred_000996,0,0
remb_000927,cred_002540,0,0
remb_000928,cred_000547,0,0
remb_000929,cred_000269,1,0
remb_000930,cred_002149,0,0
remb_000931,cred_001153,1,0
remb_000932,cred_001816,0,0
remb_000933,cred_002332,0,0
remb_000934,cred_001597,0,0
remb_000935,cred_000688,0,0
remb_000936,cred_000564,0,0
remb_000937,cred_001201,0,0
remb_000938,cred_001460,0,0
remb_000939,cred_001367,0,0
remb_000940,cred_001741,0,0
remb_000941,cred_000589,0,0
remb_000942,cred_001359,104,1
remb_000943,cred_001072,0,0
remb_000944,cred_000464,119,1
remb_000945,cred_001668,0,0
remb_000946,cred_001251,1,0
remb_000947,cred_000798,1,0
remb_000948,cred_002442,0,0
remb_000949,cred_000449,5,0
remb_000950,cred_001403,0,0
remb_000951,cred_000847,0,0
remb_000952,cred_002354,50,1
remb_000953,cred_002440,0,0
remb_000954,cred_002266,0,0
remb_000955,cred_000214,10,0
remb_000956,cred_000906,0,0
remb_000957,cred_001282,0,0
remb_000958,cred_001061,88,1
remb_000959,cred_001953,0,0
remb_000960,cred_001834,69,1
remb_000961,cred_002217,0,0
remb_000962,cred_001097,0,0
remb_000963,cred_001994,0,0
remb_000964,cred_001632,0,0
remb_000965,cred_001784,0,0
remb_000966,cred_000828,0,0
remb_000967,cred_001171,1,0
remb_000968,cred_002278,0,0
remb_000969,cred_000709,0,0
remb_000970,cred_000477,0,0
remb_000971,cred_002357,15,0
remb_000972,cred_000791,0,0
remb_000973,cred_001750,5,0
remb_000974,cred_001837,0,0
remb_000975,cred_001453,0,0
remb_000976,cred_001206,15,0
remb_000977,cred_001810,5,0
remb_000978,cred_000384,0,0
remb_000979,cred_001402,0,0
remb_000980,cred_000212,0,0
remb_000981,cred_002515,0,0
remb_000982,cred_002256,0,0
remb_000983,cred_002549,0,0
remb_000984,cred_000683,2,0
remb_000985,cred_001588,0,0
remb_000986,cred_000616,0,0
remb_000987,cred_000403,117,1
remb_000988,cred_001142,0,0
remb_000989,cred_001533,0,0
remb_000990,cred_002645,59,1
remb_000991,cred_002604,0,0
remb_000992,cred_002272,0,0
remb_000993,cred_002259,0,0
remb_000994,cred_000144,0,0
remb_000995,cred_002689,2,0
remb_000996,cred_002484,79,1
remb_000997,cred_000671,0,0
remb_000998,cred_002399,0,0
remb_000999,cred_001461,0,0
remb_001000,cred_000860,10,0
remb_001001,cred_001985,0,0
remb_001002,cred_000926,0,0
remb_001003,cred_002591,0,0
remb_001004,cred_000008,0,0
remb_001005,cred_000438,46,1
remb_001006,cred_002125,0,0
remb_001007,cred_001441,1,0
remb_001008,cred_001347,0,0
remb_001009,cred_000944,107,1
remb_001010,cred_001221,0,0
remb_001011,cred_001418,73,1
remb_001012,cred_002035,0,0
remb_001013,cred_001694,0,0
remb_001014,cred_001114,5,0
remb_001015,cred_000507,5,0
remb_001016,cred_001477,58,1
remb_001017,cred_001489,0,0
remb_001018,cred_001559,10,0
remb_001019,cred_002276,10,0
remb_001020,cred_001209,0,0
remb_001021,cred_001113,0,0
remb_001022,cred_002260,0,0
remb_001023,cred_002580,0,0
remb_001024,cred_002138,0,0
remb_001025,cred_000107,1,0
remb_001026,cred_000088,0,0
remb_001027,cred_002680,10,0
remb_001028,cred_000423,0,0
remb_001029,cred_000549,113,1
remb_001030,cred_002462,0,0
remb_001031,cred_001602,0,0
remb_001032,cred_001302,2,0
remb_001033,cred_001440,2,0
remb_001034,cred_000750,0,0
remb_001035,cred_000002,0,0
remb_001036,cred_000333,15,0
remb_001037,cred_001073,71,1
remb_001038,cred_001123,0,0
remb_001039,cred_001082,38,1
remb_001040,cred_001235,1,0
remb_001041,cred_002521,0,0
remb_001042,cred_001778,0,0
remb_001043,cred_000640,0,0
remb_001044,cred_001926,0,0
remb_001045,cred_000381,2,0
remb_001046,cred_002090,0,0
remb_001047,cred_001982,47,1
remb_001048,cred_001591,92,1
remb_001049,cred_001917,0,0
remb_001050,cred_002254,0,0
remb_001051,cred_000186,0,0
remb_001052,cred_001127,92,1
remb_001053,cred_002071,0,0
remb_001054,cred_001008,0,0
remb_001055,cred_001657,0,0
remb_001056,cred_001466,1,0
remb_001057,cred_001386,0,0
remb_001058,cred_000335,0,0
remb_001059,cred_001951,0,0
remb_001060,cred_000913,0,0
remb_001061,cred_000181,5,0
remb_001062,cred_001641,85,1
remb_001063,cred_001622,1,0
remb_001064,cred_000231,1,0
remb_001065,cred_002126,5,0
remb_001066,cred_002244,0,0
remb_001067,cred_002267,0,0
remb_001068,cred_001550,0,0
remb_001069,cred_002654,0,0
remb_001070,cred_001484,1,0
remb_001071,cred_002359,0,0
remb_001072,cred_001914,0,0
remb_001073,cred_001512,0,0
remb_001074,cred_000675,0,0
remb_001075,cred_001968,0,0
remb_001076,cred_000726,5,0
remb_001077,cred_002203,10,0
remb_001078,cred_002175,0,0
remb_001079,cred_002351,0,0
remb_001080,cred_002198,2,0
remb_001081,cred_000295,0,0
remb_001082,cred_001742,0,0
remb_001083,cred_002609,0,0
remb_001084,cred_002558,0,0
remb_001085,cred_001236,0,0
remb_001086,cred_001763,0,0
remb_001087,cred_002253,0,0
remb_001088,cred_000393,0,0
remb_001089,cred_002694,2,0
remb_001090,cred_002164,0,0
remb_001091,cred_001309,0,0
remb_001092,cred_001401,81,1
remb_001093,cred_000637,75,1
remb_001094,cred_000223,0,0
remb_001095,cred_002029,57,1
remb_001096,cred_000980,0,0
remb_001097,cred_002082,0,0
remb_001098,cred_002565,0,0
remb_001099,cred_001819,0,0
remb_001100,cred_000771,0,0
remb_001101,cred_001120,0,0
remb_001102,cred_000527,0,0
remb_001103,cred_001212,102,1
remb_001104,cred_002402,98,1
remb_001105,cred_002503,0,0
remb_001106,cred_001338,0,0
remb_001107,cred_001383,0,0
remb_001108,cred_001374,0,0
remb_001109,cred_002693,52,1
remb_001110,cred_000984,51,1
remb_001111,cred_001925,15,0
remb_001112,cred_001079,0,0
remb_001113,cred_001869,0,0
remb_001114,cred_000244,1,0
remb_001115,cred_002464,2,0
remb_001116,cred_000488,1,0
remb_001117,cred_001321,0,0
remb_001118,cred_002123,0,0
remb_001119,cred_000561,1,0
remb_001120,cred_001137,48,1
remb_001121,cred_001642,0,0
remb_001122,cred_002590,1,0
remb_001123,cred_001905,2,0
remb_001124,cred_001193,97,1
remb_001125,cred_000456,0,0
remb_001126,cred_002011,0,0
remb_001127,cred_001449,0,0
remb_001128,cred_000846,0,0
remb_001129,cred_001427,0,0
remb_001130,cred_000678,0,0
remb_001131,cred_000555,0,0
remb_001132,cred_001623,0,0
remb_001133,cred_001020,0,0
remb_001134,cred_001774,1,0
remb_001135,cred_000899,10,0
remb_001136,cred_001145,10,0
remb_001137,cred_000800,0,0
remb_001138,cred_002393,0,0
remb_001139,cred_000158,0,0
remb_001140,cred_001538,5,0
remb_001141,cred_000179,55,1
remb_001142,cred_001615,0,0
remb_001143,cred_001558,60,1
remb_001144,cred_000134,0,0
remb_001145,cred_001063,0,0
remb_001146,cred_001957,0,0
remb_001147,cred_002505,2,0
remb_001148,cred_000489,0,0
remb_001149,cred_002635,0,0
remb_001150,cred_000782,0,0
remb_001151,cred_002698,84,1
remb_001152,cred_001959,0,0
remb_001153,cred_001899,0,0
remb_001154,cred_002451,0,0
remb_001155,cred_000682,83,1
remb_001156,cred_001896,0,0
remb_001157,cred_002166,0,0
remb_001158,cred_001021,0,0
remb_001159,cred_001337,0,0
remb_001160,cred_002004,0,0
remb_001161,cred_002239,113,1
remb_001162,cred_000987,0,0
remb_001163,cred_000757,0,0
remb_001164,cred_001633,0,0
remb_001165,cred_001239,0,0
remb_001166,cred_000967,0,0
remb_001167,cred_000504,0,0
remb_001168,cred_000673,72,1
remb_001169,cred_001125,0,0
remb_001170,cred_000128,0,0
remb_001171,cred_000896,0,0
remb_001172,cred_000478,0,0
remb_001173,cred_001708,0,0
remb_001174,cred_002367,10,0
remb_001175,cred_001888,5,0
remb_001176,cred_001638,0,0
remb_001177,cred_001609,0,0
remb_001178,cred_002621,0,0
remb_001179,cred_001565,63,1
remb_001180,cred_001700,0,0
remb_001181,cred_001912,0,0
remb_001182,cred_001850,2,0
remb_001183,cred_002687,0,0
remb_001184,cred_000019,1,0
remb_001185,cred_001743,0,0
remb_001186,cred_001801,0,0
remb_001187,cred_001736,0,0
remb_001188,cred_002667,0,0
remb_001189,cred_000578,0,0
remb_001190,cred_002520,0,0
remb_001191,cred_000100,1,0
remb_001192,cred_000772,0,0
remb_001193,cred_002539,0,0
remb_001194,cred_002490,0,0
remb_001195,cred_000342,0,0
remb_001196,cred_001407,0,0
remb_001197,cred_002411,116,1
remb_001198,cred_002088,1,0
remb_001199,cred_002339,0,0
remb_001200,cred_001134,0,0
remb_001201,cred_000009,0,0
remb_001202,cred_000702,2,0
remb_001203,cred_000623,0,0
remb_001204,cred_002535,0,0
remb_001205,cred_002340,0,0
remb_001206,cred_001872,1,0
remb_001207,cred_001205,5,0
remb_001208,cred_000530,95,1
remb_001209,cred_001244,33,1
remb_001210,cred_002222,66,1
remb_001211,cred_002480,15,0
remb_001212,cred_002271,0,0
remb_001213,cred_001938,0,0
remb_001214,cred_001835,0,0
remb_001215,cred_000152,0,0
remb_001216,cred_002529,0,0
remb_001217,cred_001764,0,0
remb_001218,cred_001493,0,0
remb_001219,cred_002542,0,0
remb_001220,cred_001355,0,0
remb_001221,cred_002220,0,0
remb_001222,cred_002283,1,0
remb_001223,cred_001749,57,1
remb_001224,cred_002639,33,1
remb_001225,cred_000157,0,0
remb_001226,cred_000168,0,0
remb_001227,cred_000148,0,0
remb_001228,cred_000164,15,0
remb_001229,cred_001864,81,1
remb_001230,cred_000156,104,1
remb_001231,cred_000197,2,0
remb_001232,cred_002188,0,0
remb_001233,cred_002020,0,0
remb_001234,cred_002196,0,0
remb_001235,cred_000837,0,0
remb_001236,cred_002104,0,0
remb_001237,cred_001607,0,0
remb_001238,cred_002661,0,0
remb_001239,cred_001195,71,1
remb_001240,cred_001325,0,0
remb_001241,cred_002313,0,0
remb_001242,cred_001942,92,1
remb_001243,cred_000520,15,0
remb_001244,cred_002374,60,1
remb_001245,cred_001939,97,1
remb_001246,cred_000963,1,0
remb_001247,cred_001333,0,0
remb_001248,cred_001048,15,0
remb_001249,cred_000693,0,0
remb_001250,cred_001776,65,1
remb_001251,cred_002044,1,0
remb_001252,cred_001222,2,0
remb_001253,cred_000962,0,0
remb_001254,cred_002385,0,0
remb_001255,cred_000569,5,0
remb_001256,cred_001311,10,0
remb_001257,cred_001486,0,0
remb_001258,cred_001554,0,0
remb_001259,cred_000070,0,0
remb_001260,cred_002169,80,1
remb_001261,cred_000774,0,0
remb_001262,cred_001240,97,1
remb_001263,cred_000354,99,1
remb_001264,cred_002227,0,0
remb_001265,cred_001759,35,1
remb_001266,cred_002387,1,0
remb_001267,cred_001557,0,0
remb_001268,cred_001634,0,0
remb_001269,cred_001483,10,0
remb_001270,cred_000199,0,0
remb_001271,cred_002047,1,0
remb_001272,cred_002171,0,0
remb_001273,cred_001590,92,1
remb_001274,cred_001273,0,0
remb_001275,cred_001670,0,0
remb_001276,cred_002575,0,0
remb_001277,cred_002069,0,0
remb_001278,cred_002418,0,0
remb_001279,cred_000075,0,0
remb_001280,cred_000999,0,0
remb_001281,cred_001771,40,1
remb_001282,cred_000117,2,0
remb_001283,cred_000352,0,0
remb_001284,cred_001685,0,0
remb_001285,cred_001471,1,0
remb_001286,cred_002349,0,0
remb_001287,cred_001966,0,0
remb_001288,cred_000470,0,0
remb_001289,cred_001301,0,0
remb_001290,cred_002048,55,1
remb_001291,cred_000361,64,1
remb_001292,cred_000238,5,0
remb_001293,cred_001703,0,0
remb_001294,cred_001497,48,1
remb_001295,cred_001241,1,0
remb_001296,cred_002130,1,0
remb_001297,cred_000390,0,0
remb_001298,cred_001400,10,0
remb_001299,cred_001520,0,0
remb_001300,cred_002475,2,0
remb_001301,cred_001389,0,0
remb_001302,cred_001416,1,0
remb_001303,cred_002682,0,0
remb_001304,cred_001838,10,0
remb_001305,cred_000811,0,0
remb_001306,cred_000934,84,1
remb_001307,cred_001640,0,0
remb_001308,cred_002257,0,0
remb_001309,cred_000466,0,0
remb_001310,cred_001376,114,1
remb_001311,cred_001298,1,0
remb_001312,cred_000013,32,1
remb_001313,cred_001090,0,0
remb_001314,cred_002060,51,1
remb_001315,cred_000290,0,0
remb_001316,cred_001744,5,0
remb_001317,cred_000099,116,1
remb_001318,cred_001296,1,0
remb_001319,cred_001567,0,0
remb_001320,cred_001944,0,0
remb_001321,cred_000990,112,1
remb_001322,cred_002081,0,0
remb_001323,cred_000151,0,0
remb_001324,cred_000319,102,1
remb_001325,cred_001671,0,0
remb_001326,cred_000594,0,0
remb_001327,cred_001399,0,0
remb_001328,cred_000563,0,0
remb_001329,cred_000139,0,0
remb_001330,cred_000700,0,0
remb_001331,cred_000994,10,0
remb_001332,cred_002506,0,0
remb_001333,cred_001619,76,1
remb_001334,cred_000234,0,0
remb_001335,cred_002435,103,1
remb_001336,cred_000887,0,0
remb_001337,cred_000209,0,0
remb_001338,cred_002434,0,0
remb_001339,cred_001800,85,1
remb_001340,cred_000741,15,0
remb_001341,cred_000659,89,1
remb_001342,cred_000085,1,0
remb_001343,cred_002305,0,0
remb_001344,cred_002630,2,0
remb_001345,cred_001650,80,1
remb_001346,cred_000122,0,0
remb_001347,cred_001024,0,0
remb_001348,cred_000385,0,0
remb_001349,cred_002611,0,0
remb_001350,cred_002096,48,1
remb_001351,cred_000595,1,0
remb_001352,cred_001096,0,0
remb_001353,cred_000264,71,1
remb_001354,cred_000015,5,0
remb_001355,cred_000443,63,1
remb_001356,cred_001122,10,0
remb_001357,cred_002458,0,0
remb_001358,cred_000506,1,0
remb_001359,cred_000096,67,1
remb_001360,cred_001117,72,1
remb_001361,cred_000571,0,0
remb_001362,cred_000240,2,0
remb_001363,cred_001009,0,0
remb_001364,cred_001928,0,0
remb_001365,cred_000160,0,0
remb_001366,cred_001809,1,0
remb_001367,cred_002099,2,0
remb_001368,cred_001836,0,0
remb_001369,cred_002186,0,0
remb_001370,cred_000964,0,0
remb_001371,cred_002537,0,0
remb_001372,cred_001410,0,0
remb_001373,cred_002419,2,0
remb_001374,cred_002089,0,0
remb_001375,cred_001848,0,0
remb_001376,cred_001704,1,0
remb_001377,cred_000167,0,0
remb_001378,cred_000667,0,0
remb_001379,cred_002344,0,0
remb_001380,cred_000184,0,0
remb_001381,cred_000188,0,0
remb_001382,cred_002031,15,0
remb_001383,cred_000983,1,0
remb_001384,cred_000098,0,0
remb_001385,cred_002270,0,0
remb_001386,cred_002710,0,0
remb_001387,cred_002493,1,0
remb_001388,cred_000850,0,0
remb_001389,cred_000801,0,0
remb_001390,cred_002499,2,0
remb_001391,cred_001432,85,1
remb_001392,cred_002709,0,0
remb_001393,cred_000790,0,0
remb_001394,cred_002028,0,0
remb_001395,cred_001328,0,0
remb_001396,cred_001515,1,0
remb_001397,cred_002280,0,0
remb_001398,cred_000187,2,0
remb_001399,cred_001366,38,1
remb_001400,cred_000710,0,0
remb_001401,cred_001687,0,0
remb_001402,cred_000753,0,0
remb_001403,cred_000866,0,0
remb_001404,cred_000483,15,0
remb_001405,cred_000851,0,0
remb_001406,cred_000444,0,0
remb_001407,cred_000036,2,0
remb_001408,cred_001706,0,0
remb_001409,cred_002150,1,0
remb_001410,cred_000026,0,0
remb_001411,cred_001151,0,0
remb_001412,cred_001662,82,1
remb_001413,cred_001884,10,0
remb_001414,cred_002310,0,0
remb_001415,cred_000863,2,0
remb_001416,cred_000839,0,0
remb_001417,cred_002400,0,0
remb_001418,cred_002679,0,0
remb_001419,cred_002396,0,0
remb_001420,cred_001960,0,0
remb_001421,cred_002548,1,0
remb_001422,cred_000911,0,0
remb_001423,cred_001782,0,0
remb_001424,cred_001954,0,0
remb_001425,cred_002538,0,0
remb_001426,cred_001943,0,0
remb_001427,cred_000068,0,0
remb_001428,cred_000205,0,0
remb_001429,cred_000017,0,0
remb_001430,cred_000263,0,0
remb_001431,cred_001053,0,0
remb_001432,cred_001892,0,0
remb_001433,cred_000115,115,1
remb_001434,cred_000502,1,0
remb_001435,cred_001027,51,1
remb_001436,cred_001069,1,0
remb_001437,cred_002036,0,0
remb_001438,cred_002382,0,0
remb_001439,cred_002364,5,0
remb_001440,cred_002533,83,1
remb_001441,cred_000812,59,1
remb_001442,cred_000445,0,0
remb_001443,cred_001509,1,0
remb_001444,cred_001947,0,0
remb_001445,cred_000273,2,0
remb_001446,cred_001962,50,1
remb_001447,cred_002681,0,0
remb_001448,cred_002650,0,0
remb_001449,cred_002673,98,1
remb_001450,cred_000405,101,1
remb_001451,cred_000198,0,0
remb_001452,cred_000580,0,0
remb_001453,cred_001339,0,0
remb_001454,cred_001820,0,0
remb_001455,cred_000902,0,0
remb_001456,cred_001002,15,0
remb_001457,cred_000452,0,0
remb_001458,cred_000593,0,0
remb_001459,cred_001999,1,0
remb_001460,cred_002674,0,0
remb_001461,cred_001511,40,1
remb_001462,cred_002042,0,0
remb_001463,cred_001956,0,0
remb_001464,cred_001893,0,0
remb_001465,cred_001525,0,0
remb_001466,cred_002576,0,0
remb_001467,cred_002158,70,1
remb_001468,cred_001508,0,0
remb_001469,cred_002194,0,0
remb_001470,cred_002144,0,0
remb_001471,cred_001541,0,0
remb_001472,cred_000252,15,0
remb_001473,cred_002363,0,0
remb_001474,cred_000020,1,0
remb_001475,cred_001480,0,0
remb_001476,cred_002178,0,0
remb_001477,cred_000255,0,0
remb_001478,cred_001154,0,0
remb_001479,cred_001233,0,0
remb_001480,cred_002617,33,1
remb_001481,cred_001495,0,0
remb_001482,cred_000841,0,0
remb_001483,cred_002598,63,1
remb_001484,cred_002459,83,1
remb_001485,cred_001698,37,1
remb_001486,cred_000602,0,0
remb_001487,cred_001631,1,0
remb_001488,cred_000654,1,0
remb_001489,cred_001967,0,0
remb_001490,cred_000827,0,0
remb_001491,cred_002362,0,0
remb_001492,cred_000046,0,0
remb_001493,cred_000313,99,1
remb_001494,cred_002525,0,0
remb_001495,cred_000545,0,0
remb_001496,cred_002308,0,0
remb_001497,cred_001660,0,0
remb_001498,cred_000001,69,1
remb_001499,cred_000418,53,1
remb_001500,cred_000769,0,0
remb_001501,cred_000391,0,0
remb_001502,cred_002342,42,1
remb_001503,cred_001126,45,1
remb_001504,cred_000149,0,0
remb_001505,cred_000136,0,0
remb_001506,cred_001902,74,1
remb_001507,cred_002206,114,1
remb_001508,cred_001300,0,0
remb_001509,cred_001204,0,0
remb_001510,cred_000604,15,0
remb_001511,cred_001026,65,1
remb_001512,cred_000293,0,0
remb_001513,cred_001710,0,0
remb_001514,cred_000142,0,0
remb_001515,cred_000305,0,0
remb_001516,cred_002412,10,0
remb_001517,cred_002240,117,1
remb_001518,cred_000836,0,0
remb_001519,cred_002449,0,0
remb_001520,cred_001086,0,0
remb_001521,cred_002482,0,0
remb_001522,cred_001878,2,0
remb_001523,cred_001005,55,1
remb_001524,cred_002642,0,0
remb_001525,cred_000704,94,1
remb_001526,cred_001524,0,0
remb_001527,cred_001003,0,0
remb_001528,cred_000306,0,0
remb_001529,cred_000410,0,0
remb_001530,cred_000426,0,0
remb_001531,cred_002472,0,0
remb_001532,cred_000076,0,0
remb_001533,cred_000462,112,1
remb_001534,cred_001200,52,1
remb_001535,cred_002528,0,0
remb_001536,cred_001083,0,0
remb_001537,cred_000458,0,0
remb_001538,cred_000579,1,0
remb_001539,cred_002243,2,0
remb_001540,cred_002187,1,0
remb_001541,cred_000194,5,0
remb_001542,cred_002083,0,0
remb_001543,cred_000935,77,1
remb_001544,cred_002620,5,0
remb_001545,cred_001781,10,0
remb_001546,cred_002406,32,1
remb_001547,cred_002024,0,0
remb_001548,cred_002453,0,0
remb_001549,cred_001797,0,0
remb_001550,cred_001320,0,0
remb_001551,cred_002054,0,0
remb_001552,cred_002569,0,0
remb_001553,cred_000005,0,0
remb_001554,cred_000870,0,0
remb_001555,cred_002481,0,0
remb_001556,cred_000253,0,0
remb_001557,cred_000660,0,0
remb_001558,cred_000761,0,0
remb_001559,cred_000082,0,0
remb_001560,cred_002159,1,0
remb_001561,cred_001868,0,0
remb_001562,cred_002534,0,0
remb_001563,cred_001529,0,0
remb_001564,cred_001283,10,0
remb_001565,cred_001853,86,1
remb_001566,cred_000948,0,0
remb_001567,cred_001564,0,0
remb_001568,cred_002343,0,0
remb_001569,cred_001177,0,0
remb_001570,cred_000436,0,0
remb_001571,cred_000941,1,0
remb_001572,cred_000804,0,0
remb_001573,cred_001798,5,0
remb_001574,cred_001705,104,1
remb_001575,cred_002059,0,0
remb_001576,cred_002299,0,0
remb_001577,cred_001606,0,0
remb_001578,cred_002077,0,0
remb_001579,cred_001993,2,0
remb_001580,cred_000221,0,0
remb_001581,cred_000633,0,0
remb_001582,cred_001625,0,0
remb_001583,cred_002625,0,0
remb_001584,cred_002234,0,0
remb_001585,cred_001119,82,1
remb_001586,cred_000727,5,0
remb_001587,cred_000211,0,0
remb_001588,cred_000511,10,0
remb_001589,cred_000022,0,0
remb_001590,cred_001469,0,0
remb_001591,cred_002672,0,0
remb_001592,cred_000129,1,0
remb_001593,cred_000679,0,0
remb_001594,cred_000153,0,0
remb_001595,cred_001748,0,0
remb_001596,cred_001238,0,0
remb_001597,cred_001608,2,0
remb_001598,cred_002003,0,0
remb_001599,cred_001293,0,0
remb_001600,cred_000765,0,0
remb_001601,cred_000566,87,1
remb_001602,cred_002405,1,0
remb_001603,cred_002660,2,0
remb_001604,cred_001987,0,0
remb_001605,cred_001522,0,0
remb_001606,cred_000985,0,0
remb_001607,cred_001071,53,1
remb_001608,cred_002545,1,0
remb_001609,cred_001191,0,0
remb_001610,cred_001542,0,0
remb_001611,cred_000587,2,0
remb_001612,cred_001112,2,0
remb_001613,cred_000666,0,0
remb_001614,cred_001106,89,1
remb_001615,cred_002597,59,1
remb_001616,cred_002544,0,0
remb_001617,cred_001274,0,0
remb_001618,cred_002471,1,0
remb_001619,cred_000888,0,0
remb_001620,cred_000884,0,0
remb_001621,cred_002593,5,0
remb_001622,cred_002619,0,0
remb_001623,cred_001308,0,0
remb_001624,cred_002381,0,0
remb_001625,cred_002494,0,0
remb_001626,cred_000299,0,0
remb_001627,cred_000644,65,1
remb_001628,cred_002209,0,0
remb_001629,cred_001663,0,0
remb_001630,cred_002523,0,0
remb_001631,cred_002519,0,0
remb_001632,cred_000371,0,0
remb_001633,cred_002182,0,0
remb_001634,cred_001972,55,1
remb_001635,cred_000178,1,0
remb_001636,cred_001499,95,1
remb_001637,cred_001719,0,0
remb_001638,cred_000598,0,0
remb_001639,cred_002134,0,0
remb_001640,cred_002583,0,0
remb_001641,cred_001535,0,0
remb_001642,cred_001190,0,0
remb_001643,cred_000455,45,1
remb_001644,cred_001933,0,0
remb_001645,cred_001178,0,0
remb_001646,cred_000409,84,1
remb_001647,cred_001978,100,1
remb_001648,cred_000226,15,0
remb_001649,cred_001678,0,0
remb_001650,cred_000237,0,0
remb_001651,cred_001545,0,0
remb_001652,cred_002146,0,0
remb_001653,cred_000061,15,0
remb_001654,cred_001879,0,0
remb_001655,cred_001840,0,0
remb_001656,cred_000476,112,1
remb_001657,cred_000054,0,0
remb_001658,cred_000820,34,1
remb_001659,cred_000862,0,0
remb_001660,cred_000718,0,0
remb_001661,cred_001616,76,1
remb_001662,cred_000715,114,1
remb_001663,cred_000781,0,0
remb_001664,cred_002633,0,0
remb_001665,cred_001921,95,1
remb_001666,cred_000643,0,0
remb_001667,cred_000686,0,0
remb_001668,cred_002628,0,0
remb_001669,cred_002001,5,0
remb_001670,cred_002101,5,0
remb_001671,cred_001098,0,0
remb_001672,cred_001518,0,0
remb_001673,cred_000183,51,1
remb_001674,cred_001207,36,1
remb_001675,cred_001448,86,1
remb_001676,cred_001627,1,0
remb_001677,cred_001991,0,0
remb_001678,cred_001478,0,0
remb_001679,cred_001234,62,1
remb_001680,cred_002181,0,0
remb_001681,cred_000166,1,0
remb_001682,cred_000251,0,0
remb_001683,cred_001481,101,1
remb_001684,cred_001411,0,0
remb_001685,cred_002647,0,0
remb_001686,cred_001242,0,0
remb_001687,cred_002691,0,0
remb_001688,cred_000734,0,0
remb_001689,cred_002422,0,0
remb_001690,cred_001231,0,0
remb_001691,cred_001070,0,0
remb_001692,cred_000716,0,0
remb_001693,cred_002398,102,1
remb_001694,cred_002005,0,0
remb_001695,cred_001089,2,0
remb_001696,cred_001275,10,0
remb_001697,cred_000448,0,0
remb_001698,cred_001322,0,0
remb_001699,cred_001004,0,0
remb_001700,cred_000050,0,0
remb_001701,cred_002212,31,1
remb_001702,cred_000250,0,0
remb_001703,cred_002383,0,0
remb_001704,cred_002707,0,0
remb_001705,cred_000025,10,0
remb_001706,cred_000603,10,0
remb_001707,cred_001970,0,0
remb_001708,cred_000933,0,0
remb_001709,cred_002135,0,0
remb_001710,cred_002087,0,0
remb_001711,cred_001280,0,0
remb_001712,cred_001857,38,1
remb_001713,cred_001821,0,0
remb_001714,cred_002183,0,0
remb_001715,cred_001827,0,0
remb_001716,cred_002688,42,1
remb_001717,cred_002712,0,0
remb_001718,cred_000109,0,0
remb_001719,cred_000412,10,0
remb_001720,cred_001297,0,0
remb_001721,cred_000195,0,0
remb_001722,cred_000480,0,0
remb_001723,cred_000600,15,0
remb_001724,cred_002307,0,0
remb_001725,cred_001898,69,1
remb_001726,cred_001740,72,1
remb_001727,cred_001485,84,1
remb_001728,cred_001217,5,0
remb_001729,cred_001356,0,0
remb_001730,cred_002436,0,0
remb_001731,cred_000233,0,0
remb_001732,cred_001047,101,1
remb_001733,cred_002446,58,1
remb_001734,cred_001051,0,0
remb_001735,cred_000450,0,0
remb_001736,cred_000588,0,0
remb_001737,cred_001689,0,0
remb_001738,cred_002664,5,0
remb_001739,cred_000289,0,0
remb_001740,cred_002401,0,0
remb_001741,cred_000024,0,0
remb_001742,cred_000332,0,0
remb_001743,cred_000348,0,0
remb_001744,cred_001871,0,0
remb_001745,cred_000979,93,1
remb_001746,cred_001688,1,0
remb_001747,cred_000931,1,0
remb_001748,cred_001910,0,0
remb_001749,cred_000531,75,1
remb_001750,cred_000465,33,1
remb_001751,cred_000552,0,0
remb_001752,cred_000495,0,0
remb_001753,cred_001334,0,0
remb_001754,cred_001227,0,0
remb_001755,cred_001062,0,0
remb_001756,cred_001017,0,0
remb_001757,cred_000568,0,0
remb_001758,cred_000942,60,1
remb_001759,cred_001997,2,0
remb_001760,cred_001010,108,1
remb_001761,cred_001214,107,1
remb_001762,cred_001424,0,0
remb_001763,cred_000928,89,1
remb_001764,cred_000829,10,0
remb_001765,cred_001332,2,0
remb_001766,cred_002612,0,0
remb_001767,cred_000266,0,0
remb_001768,cred_000485,5,0
remb_001769,cred_002223,0,0
remb_001770,cred_001025,0,0
remb_001771,cred_002461,0,0
remb_001772,cred_000717,5,0
remb_001773,cred_002045,112,1
remb_001774,cred_001950,37,1
remb_001775,cred_001168,0,0
remb_001776,cred_000249,0,0
remb_001777,cred_000500,2,0
remb_001778,cred_000853,0,0
remb_001779,cred_000581,0,0
remb_001780,cred_001665,92,1
remb_001781,cred_002157,0,0
remb_001782,cred_001354,0,0
remb_001783,cred_001138,0,0
remb_001784,cred_000779,1,0
remb_001785,cred_001118,36,1
remb_001786,cred_001612,0,0
remb_001787,cred_000399,0,0
remb_001788,cred_002420,106,1
remb_001789,cred_002287,0,0
remb_001790,cred_000754,5,0
remb_001791,cred_001458,0,0
remb_001792,cred_002397,15,0
remb_001793,cred_000454,0,0
remb_001794,cred_001346,0,0
remb_001795,cred_001382,0,0
remb_001796,cred_000217,0,0
remb_001797,cred_001245,0,0
remb_001798,cred_002073,2,0
remb_001799,cred_000645,0,0
remb_001800,cred_001130,0,0
remb_001801,cred_001952,0,0
remb_001802,cred_002637,0,0
remb_001803,cred_001728,45,1
remb_001804,cred_002445,5,0
remb_001805,cred_000304,0,0
remb_001806,cred_000364,0,0
remb_001807,cred_001340,0,0
remb_001808,cred_000083,1,0
remb_001809,cred_001851,0,0
remb_001810,cred_001287,0,0
remb_001811,cred_000057,0,0
remb_001812,cred_000514,0,0
remb_001813,cred_002574,0,0
remb_001814,cred_000719,1,0
remb_001815,cred_001135,5,0
remb_001816,cred_000855,0,0
remb_001817,cred_000496,1,0
remb_001818,cred_000270,0,0
remb_001819,cred_001077,0,0
remb_001820,cred_001984,0,0
remb_001821,cred_001284,0,0
remb_001822,cred_001050,119,1
remb_001823,cred_001767,0,0
remb_001824,cred_001215,81,1
remb_001825,cred_000865,1,0
remb_001826,cred_000297,2,0
remb_001827,cred_002136,0,0
remb_001828,cred_002214,103,1
remb_001829,cred_002282,0,0
remb_001830,cred_000069,0,0
remb_001831,cred_000557,0,0
remb_001832,cred_000872,10,0
remb_001833,cred_002455,15,0
remb_001834,cred_000140,5,0
remb_001835,cred_001537,0,0
remb_001836,cred_000052,37,1
remb_001837,cred_001413,0,0
remb_001838,cred_002622,0,0
remb_001839,cred_002155,0,0
remb_001840,cred_001916,0,0
remb_001841,cred_002010,1,0
remb_001842,cred_000528,0,0
remb_001843,cred_000155,79,1
remb_001844,cred_000901,0,0
remb_001845,cred_000786,1,0
remb_001846,cred_000258,0,0
remb_001847,cred_002467,0,0
remb_001848,cred_000246,0,0
remb_001849,cred_001514,0,0
remb_001850,cred_000971,0,0
remb_001851,cred_001147,15,0
remb_001852,cred_000236,2,0
remb_001853,cred_000127,0,0
remb_001854,cred_000584,0,0
remb_001855,cred_000583,1,0
remb_001856,cred_001780,5,0
remb_001857,cred_002570,0,0
remb_001858,cred_001907,0,0
remb_001859,cred_000974,0,0
remb_001860,cred_000792,1,0
remb_001861,cred_000689,0,0
remb_001862,cred_000379,0,0
remb_001863,cred_001720,0,0
remb_001864,cred_002415,0,0
remb_001865,cred_000206,0,0
remb_001866,cred_001686,0,0
remb_001867,cred_000159,0,0
remb_001868,cred_000830,1,0
remb_001869,cred_001387,0,0
remb_001870,cred_001148,1,0
remb_001871,cred_001060,0,0
remb_001872,cred_001598,0,0
remb_001873,cred_001395,0,0
remb_001874,cred_000938,0,0
remb_001875,cred_001423,73,1
remb_001876,cred_002074,2,0
remb_001877,cred_002336,0,0
remb_001878,cred_001285,0,0
remb_001879,cred_000108,0,0
remb_001880,cred_001729,0,0
remb_001881,cred_000182,119,1
remb_001882,cred_001672,0,0
remb_001883,cred_001487,0,0
remb_001884,cred_000341,0,0
remb_001885,cred_001824,0,0
remb_001886,cred_001562,0,0
remb_001887,cred_001667,105,1
remb_001888,cred_001751,0,0
remb_001889,cred_002416,0,0
remb_001890,cred_002154,0,0
remb_001891,cred_000189,2,0
remb_001892,cred_001278,0,0
remb_001893,cred_001194,0,0
remb_001894,cred_000487,0,0
remb_001895,cred_002498,0,0
remb_001896,cred_002489,59,1
remb_001897,cred_001986,0,0
remb_001898,cred_000064,0,0
remb_001899,cred_000758,0,0
remb_001900,cred_001277,0,0
remb_001901,cred_001185,90,1
remb_001902,cred_001078,0,0
remb_001903,cred_002274,2,0
remb_001904,cred_000746,0,0
remb_001905,cred_002263,0,0
remb_001906,cred_001406,0,0
remb_001907,cred_000239,0,0
remb_001908,cred_000752,0,0
remb_001909,cred_000630,5,0
remb_001910,cred_002614,0,0
remb_001911,cred_002613,0,0
remb_001912,cred_001654,0,0
remb_001913,cred_001940,0,0
remb_001914,cred_000590,0,0
remb_001915,cred_000442,0,0
remb_001916,cred_002117,2,0
remb_001917,cred_002369,0,0
remb_001918,cred_000614,0,0
remb_001919,cred_002486,0,0
remb_001920,cred_002037,0,0
remb_001921,cred_002646,0,0
remb_001922,cred_000775,10,0
remb_001923,cred_001599,0,0
remb_001924,cred_000344,98,1
remb_001925,cred_001351,0,0
remb_001926,cred_000222,1,0
remb_001927,cred_000879,0,0
remb_001928,cred_000497,74,1
remb_001929,cred_001498,2,0
remb_001930,cred_002142,0,0
remb_001931,cred_000959,0,0
remb_001932,cred_001937,33,1
remb_001933,cred_000420,0,0
remb_001934,cred_002124,0,0
remb_001935,cred_001772,1,0
remb_001936,cred_000867,1,0
remb_001937,cred_000582,1,0
remb_001938,cred_002062,1,0
remb_001939,cred_001803,0,0
remb_001940,cred_000404,0,0
remb_001941,cred_001066,0,0
remb_001942,cred_002417,1,0
remb_001943,cred_000038,0,0
remb_001944,cred_000132,1,0
remb_001945,cred_000430,5,0
remb_001946,cred_002324,0,0
remb_001947,cred_000556,10,0
remb_001948,cred_000446,0,0
remb_001949,cred_002328,0,0
remb_001950,cred_001425,0,0
remb_001951,cred_001216,0,0
remb_001952,cred_000694,40,1
remb_001953,cred_001464,2,0
remb_001954,cred_001094,0,0
remb_001955,cred_001208,94,1
remb_001956,cred_000745,0,0
remb_001957,cred_001433,0,0
remb_001958,cred_002172,0,0
remb_001959,cred_000437,5,0
remb_001960,cred_002119,15,0
remb_001961,cred_002659,0,0
remb_001962,cred_000559,0,0
remb_001963,cred_000857,0,0
remb_001964,cred_000767,0,0
remb_001965,cred_000778,5,0
remb_001966,cred_002303,0,0
remb_001967,cred_000169,1,0
remb_001968,cred_000900,0,0
remb_001969,cred_001829,103,1
remb_001970,cred_001307,0,0
remb_001971,cred_001175,5,0
remb_001972,cred_001592,0,0
remb_001973,cred_002532,10,0
remb_001974,cred_000355,98,1
remb_001975,cred_000845,0,0
remb_001976,cred_001802,0,0
remb_001977,cred_000419,104,1
remb_001978,cred_000091,0,0
remb_001979,cred_002603,1,0
remb_001980,cred_000878,0,0
remb_001981,cred_000943,44,1
remb_001982,cred_002426,0,0
remb_001983,cred_000376,0,0
remb_001984,cred_002608,71,1
remb_001985,cred_000924,5,0
remb_001986,cred_000695,0,0
remb_001987,cred_002491,90,1
remb_001988,cred_000490,0,0
remb_001989,cred_000540,0,0
remb_001990,cred_000551,0,0
remb_001991,cred_002167,1,0
remb_001992,cred_000995,0,0
remb_001993,cred_000670,0,0
remb_001994,cred_002460,0,0
remb_001995,cred_002376,0,0
remb_001996,cred_000707,0,0
remb_001997,cred_000339,0,0
remb_001998,cred_000051,0,0
remb_001999,cred_002265,0,0
remb_002000,cred_000897,0,0
remb_002001,cred_000421,0,0
remb_002002,cred_000560,0,0
remb_002003,cred_002215,0,0
remb_002004,cred_001709,0,0
remb_002005,cred_000518,0,0
remb_002006,cred_002368,0,0
remb_002007,cred_001849,0,0
remb_002008,cred_000078,0,0
remb_002009,cred_001841,0,0
remb_002010,cred_000055,0,0
remb_002011,cred_002338,0,0
remb_002012,cred_002428,0,0
remb_002013,cred_001793,0,0
remb_002014,cred_000309,0,0
remb_002015,cred_002366,0,0
remb_002016,cred_001804,0,0
remb_002017,cred_002485,0,0
remb_002018,cred_002468,103,1
remb_002019,cred_001210,0,0
remb_002020,cred_001504,41,1
remb_002021,cred_001049,0,0
remb_002022,cred_000220,0,0
remb_002023,cred_002573,0,0
remb_002024,cred_001773,10,0
remb_002025,cred_002669,82,1
remb_002026,cred_001989,5,0
remb_002027,cred_001945,0,0
remb_002028,cred_000684,0,0
remb_002029,cred_000317,5,0
remb_002030,cred_000340,0,0
remb_002031,cred_002153,0,0
remb_002032,cred_002705,0,0
remb_002033,cred_002492,0,0
remb_002034,cred_001913,0,0
remb_002035,cred_001128,1,0
remb_002036,cred_001995,0,0
remb_002037,cred_002102,0,0
remb_002038,cred_000202,2,0
remb_002039,cred_002425,0,0
remb_002040,cred_000634,0,0
remb_002041,cred_002582,0,0
remb_002042,cred_001405,0,0
remb_002043,cred_002670,0,0
remb_002044,cred_000459,0,0
remb_002045,cred_001372,0,0
remb_002046,cred_002353,0,0
remb_002047,cred_001969,0,0
remb_002048,cred_000838,0,0
remb_002049,cred_000235,118,1
remb_002050,cred_001087,0,0
remb_002051,cred_002666,0,0
remb_002052,cred_000908,0,0
remb_002053,cred_000842,113,1
remb_002054,cred_000873,0,0
remb_002055,cred_000387,47,1
remb_002056,cred_001756,0,0
remb_002057,cred_002112,108,1
remb_002058,cred_001788,0,0
remb_002059,cred_002161,5,0
remb_002060,cred_000207,0,0
remb_002061,cred_002379,15,0
remb_002062,cred_001692,0,0
remb_002063,cred_002201,0,0
remb_002064,cred_000475,0,0
remb_002065,cred_000548,0,0
remb_002066,cred_001551,108,1
remb_002067,cred_001172,0,0
remb_002068,cred_001585,0,0
remb_002069,cred_001262,0,0
remb_002070,cred_001085,0,0
remb_002071,cred_000302,86,1
remb_002072,cred_000898,49,1
remb_002073,cred_001547,92,1
remb_002074,cred_000175,0,0
remb_002075,cred_000386,0,0
remb_002076,cred_001365,0,0
remb_002077,cred_000533,74,1
remb_002078,cred_000428,0,0
remb_002079,cred_002655,15,0
remb_002080,cred_001052,0,0
remb_002081,cred_001161,105,1
remb_002082,cred_002057,0,0
remb_002083,cred_000611,59,1
remb_002084,cred_002701,0,0
remb_002085,cred_001136,88,1
remb_002086,cred_002162,2,0
remb_002087,cred_000396,0,0
remb_002088,cred_000154,0,0
remb_002089,cred_000059,0,0
remb_002090,cred_002014,0,0
remb_002091,cred_001182,5,0
remb_002092,cred_001318,94,1
remb_002093,cred_000893,0,0
remb_002094,cred_001785,0,0
remb_002095,cred_002684,59,1
remb_002096,cred_000484,0,0
remb_002097,cred_000041,5,0
remb_002098,cred_000395,5,0
remb_002099,cred_000451,0,0
remb_002100,cred_000120,5,0
remb_002101,cred_000749,0,0
remb_002102,cred_002070,0,0
remb_002103,cred_002165,95,1
remb_002104,cred_000062,0,0
remb_002105,cred_000976,0,0
remb_002106,cred_002657,0,0
remb_002107,cred_002547,0,0
remb_002108,cred_000927,0,0
remb_002109,cred_002281,0,0
remb_002110,cred_000509,0,0
remb_002111,cred_000065,5,0
remb_002112,cred_001111,0,0
remb_002113,cred_002410,1,0
remb_002114,cred_001341,0,0
remb_002115,cred_000411,0,0
remb_002116,cred_002233,10,0
remb_002117,cred_002636,0,0
remb_002118,cred_000245,0,0
remb_002119,cred_000522,0,0
remb_002120,cred_001452,5,0
remb_002121,cred_002195,0,0
remb_002122,cred_000787,0,0
remb_002123,cred_001561,0,0
remb_002124,cred_001415,0,0
remb_002125,cred_002190,0,0
remb_002126,cred_000408,0,0
remb_002127,cred_002143,0,0
remb_002128,cred_000276,0,0
remb_002129,cred_000479,0,0
remb_002130,cred_002358,0,0
remb_002131,cred_001398,73,1
remb_002132,cred_002122,1,0
remb_002133,cred_000986,0,0
remb_002134,cred_000201,0,0
remb_002135,cred_002606,0,0
remb_002136,cred_001979,0,0
remb_002137,cred_000960,0,0
remb_002138,cred_001673,5,0
remb_002139,cred_000599,39,1
remb_002140,cred_000705,0,0
remb_002141,cred_000308,0,0
remb_002142,cred_000521,1,0
remb_002143,cred_001733,0,0
remb_002144,cred_001983,0,0
remb_002145,cred_001747,2,0
remb_002146,cred_000869,0,0
remb_002147,cred_002246,1,0
remb_002148,cred_001534,0,0
remb_002149,cred_002176,0,0
remb_002150,cred_001417,0,0
remb_002151,cred_000097,5,0
remb_002152,cred_001576,0,0
remb_002153,cred_000356,0,0
remb_002154,cred_001998,0,0
remb_002155,cred_000826,2,0
remb_002156,cred_000714,1,0
remb_002157,cred_000413,0,0
remb_002158,cred_001149,35,1
remb_002159,cred_001714,0,0
remb_002160,cred_000627,65,1
remb_002161,cred_001863,0,0
remb_002162,cred_001371,0,0
remb_002163,cred_001279,0,0
remb_002164,cred_001310,0,0
remb_002165,cred_001577,67,1
remb_002166,cred_002106,111,1
remb_002167,cred_000796,0,0
remb_002168,cred_002502,0,0
remb_002169,cred_002640,0,0
remb_002170,cred_000288,0,0
remb_002171,cred_000537,119,1
remb_002172,cred_001065,0,0
remb_002173,cred_000003,0,0
remb_002174,cred_002132,0,0
remb_002175,cred_001610,0,0
remb_002176,cred_000469,15,0
remb_002177,cred_000468,2,0
remb_002178,cred_002692,0,0
remb_002179,cred_000808,0,0
remb_002180,cred_002284,1,0
remb_002181,cred_001059,66,1
remb_002182,cred_000425,0,0
remb_002183,cred_001261,0,0
remb_002184,cred_000871,0,0
remb_002185,cred_001965,0,0
remb_002186,cred_002685,0,0
remb_002187,cred_000639,0,0
remb_002188,cred_001669,91,1
remb_002189,cred_001030,0,0
remb_002190,cred_001381,0,0
remb_002191,cred_002258,0,0
remb_002192,cred_002269,49,1
remb_002193,cred_000303,0,0
remb_002194,cred_000628,0,0
remb_002195,cred_001830,0,0
remb_002196,cred_001482,0,0
remb_002197,cred_001392,0,0
remb_002198,cred_001568,0,0
remb_002199,cred_000936,58,1
remb_002200,cred_001223,0,0
remb_002201,cred_002329,2,0
remb_002202,cred_001867,0,0
remb_002203,cred_001723,0,0
remb_002204,cred_001666,0,0
remb_002205,cred_000809,1,0
remb_002206,cred_001897,32,1
remb_002207,cred_001715,74,1
remb_002208,cred_000992,0,0
remb_002209,cred_002624,1,0
remb_002210,cred_000859,0,0
remb_002211,cred_001184,0,0
remb_002212,cred_000417,2,0
remb_002213,cred_000219,65,1
remb_002214,cred_001084,1,0
remb_002215,cred_000953,0,0
remb_002216,cred_002427,0,0
remb_002217,cred_002585,0,0
remb_002218,cred_002076,80,1
remb_002219,cred_000973,0,0
remb_002220,cred_001331,2,0
remb_002221,cred_000172,1,0
remb_002222,cred_000638,0,0
remb_002223,cred_002309,1,0
remb_002224,cred_002331,1,0
remb_002225,cred_001822,0,0
remb_002226,cred_002424,2,0
remb_002227,cred_001635,0,0
remb_002228,cred_000114,2,0
remb_002229,cred_001699,0,0
remb_002230,cred_001603,72,1
remb_002231,cred_000006,0,0
remb_002232,cred_002395,2,0
remb_002233,cred_001076,111,1
remb_002234,cred_000265,15,0
remb_002235,cred_001158,0,0
remb_002236,cred_000762,0,0
remb_002237,cred_001420,1,0
remb_002238,cred_000620,0,0
remb_002239,cred_001855,0,0
remb_002240,cred_002038,0,0
remb_002241,cred_000554,15,0
remb_002242,cred_002286,0,0
remb_002243,cred_000447,111,1
remb_002244,cred_000646,0,0
remb_002245,cred_001368,0,0
remb_002246,cred_000541,1,0
remb_002247,cred_002250,1,0
remb_002248,cred_000658,70,1
remb_002249,cred_002173,1,0
remb_002250,cred_000316,0,0
remb_002251,cred_002504,0,0
remb_002252,cred_001162,0,0
remb_002253,cred_002496,0,0
remb_002254,cred_001180,86,1
remb_002255,cred_001574,1,0
remb_002256,cred_000806,0,0
remb_002257,cred_001115,0,0
remb_002258,cred_001197,1,0
remb_002259,cred_001033,54,1
remb_002260,cred_001213,32,1
remb_002261,cred_002527,1,0
remb_002262,cred_002085,32,1
remb_002263,cred_002197,0,0
remb_002264,cred_001919,5,0
remb_002265,cred_001408,2,0
remb_002266,cred_002677,1,0
remb_002267,cred_002648,0,0
remb_002268,cred_000794,0,0
remb_002269,cred_000389,0,0
remb_002270,cred_002221,0,0
remb_002271,cred_002487,0,0
remb_002272,cred_001330,0,0
remb_002273,cred_000004,10,0
remb_002274,cred_000728,0,0
remb_002275,cred_002110,0,0
remb_002276,cred_001101,0,0
remb_002277,cred_001842,0,0
remb_002278,cred_000512,0,0
remb_002279,cred_001028,0,0
remb_002280,cred_001990,0,0
remb_002281,cred_000176,0,0
remb_002282,cred_000087,0,0
remb_002283,cred_001934,0,0
remb_002284,cred_001363,5,0
remb_002285,cred_002450,0,0
remb_002286,cred_000326,0,0
remb_002287,cred_002656,1,0
remb_002288,cred_001155,0,0
remb_002289,cred_001250,0,0
remb_002290,cred_000247,42,1
remb_002291,cred_001768,0,0
remb_002292,cred_001263,1,0
remb_002293,cred_002601,0,0
remb_002294,cred_000228,0,0
remb_002295,cred_001786,5,0
remb_002296,cred_001459,2,0
remb_002297,cred_001626,0,0
remb_002298,cred_002238,94,1
remb_002299,cred_001513,0,0
remb_002300,cred_001651,0,0
remb_002301,cred_002242,97,1
remb_002302,cred_002543,91,1
remb_002303,cred_002456,0,0
remb_002304,cred_000296,0,0
remb_002305,cred_000300,0,0
remb_002306,cred_000067,0,0
remb_002307,cred_000592,76,1
remb_002308,cred_001034,116,1
remb_002309,cred_001470,1,0
remb_002310,cred_002577,0,0
remb_002311,cred_000291,1,0
remb_002312,cred_000499,0,0
remb_002313,cred_002103,0,0
remb_002314,cred_002589,2,0
remb_002315,cred_002292,0,0
remb_002316,cred_000904,0,0
remb_002317,cred_002279,0,0
remb_002318,cred_000338,58,1
remb_002319,cred_001920,10,0
remb_002320,cred_000365,0,0
remb_002321,cred_002665,0,0
remb_002322,cred_001269,0,0
remb_002323,cred_002330,93,1
remb_002324,cred_002058,0,0
remb_002325,cred_001349,10,0
remb_002326,cred_002180,0,0
remb_002327,cred_002100,0,0
remb_002328,cred_002118,0,0
remb_002329,cred_002536,0,0
remb_002330,cred_002323,0,0
remb_002331,cred_000703,0,0
remb_002332,cred_000397,0,0
remb_002333,cred_000016,10,0
remb_002334,cred_000378,0,0
remb_002335,cred_001792,0,0
remb_002336,cred_002350,0,0
remb_002337,cred_001431,0,0
remb_002338,cred_000486,0,0
remb_002339,cred_000492,2,0
remb_002340,cred_000241,0,0
remb_002341,cred_002668,0,0
remb_002342,cred_002513,0,0
remb_002343,cred_000572,1,0
remb_002344,cred_001718,104,1
remb_002345,cred_001870,0,0
remb_002346,cred_001996,0,0
remb_002347,cred_001971,0,0
remb_002348,cred_001409,1,0
remb_002349,cred_001319,0,0
remb_002350,cred_002129,2,0
remb_002351,cred_001918,83,1
remb_002352,cred_001931,0,0
remb_002353,cred_000708,1,0
remb_002354,cred_000864,0,0
remb_002355,cred_002006,1,0
remb_002356,cred_000615,0,0
remb_002357,cred_001936,0,0
remb_002358,cred_001613,0,0
remb_002359,cred_001055,1,0
remb_002360,cred_002316,0,0
remb_002361,cred_000254,0,0
remb_002362,cred_002607,41,1
remb_002363,cred_001734,2,0
remb_002364,cred_002116,39,1
remb_002365,cred_002337,63,1
remb_002366,cred_001393,67,1
remb_002367,cred_002109,0,0
remb_002368,cred_002300,15,0
remb_002369,cred_001963,0,0
remb_002370,cred_001697,0,0
remb_002371,cred_001100,0,0
remb_002372,cred_002391,0,0
remb_002373,cred_001067,1,0
remb_002374,cred_002452,0,0
remb_002375,cred_000503,15,0
remb_002376,cred_001823,0,0
remb_002377,cred_002291,0,0
remb_002378,cred_001157,1,0
remb_002379,cred_001814,119,1
remb_002380,cred_002652,0,0
remb_002381,cred_002072,2,0
remb_002382,cred_001932,93,1
remb_002383,cred_001038,0,0
remb_002384,cred_001016,0,0
remb_002385,cred_001039,0,0
remb_002386,cred_002255,1,0
remb_002387,cred_001617,15,0
remb_002388,cred_000190,1,0
remb_002389,cred_001908,5,0
remb_002390,cred_000218,2,0
remb_002391,cred_000191,0,0
remb_002392,cred_002653,0,0
remb_002393,cred_002264,10,0
remb_002394,cred_000993,0,0
remb_002395,cred_002236,0,0
remb_002396,cred_000968,5,0
remb_002397,cred_000372,0,0
remb_002398,cred_001946,0,0
remb_002399,cred_001605,0,0
remb_002400,cred_000336,63,1
remb_002401,cred_002615,2,0
remb_002402,cred_000351,0,0
remb_002403,cred_001058,0,0
remb_002404,cred_001357,0,0
remb_002405,cred_002152,0,0
remb_002406,cred_001992,0,0
remb_002407,cred_001935,0,0
remb_002408,cred_002114,0,0
remb_002409,cred_002553,1,0
remb_002410,cred_002219,0,0
remb_002411,cred_000118,0,0
remb_002412,cred_001472,0,0
remb_002413,cred_001941,0,0
remb_002414,cred_001717,106,1
remb_002415,cred_001455,0,0
remb_002416,cred_001766,0,0
remb_002417,cred_000529,61,1
remb_002418,cred_000028,0,0
remb_002419,cred_000105,15,0
remb_002420,cred_000536,0,0
remb_002421,cred_000193,0,0
remb_002422,cred_002671,1,0
remb_002423,cred_001192,91,1
remb_002424,cred_000539,2,0
remb_002425,cred_001041,0,0
remb_002426,cred_001519,0,0
remb_002427,cred_002131,5,0
remb_002428,cred_000463,0,0
remb_002429,cred_001856,0,0
remb_002430,cred_002352,0,0
remb_002431,cred_002008,0,0
remb_002432,cred_000138,42,1
remb_002433,cred_002474,0,0
remb_002434,cred_001716,0,0
remb_002435,cred_000789,34,1
remb_002436,cred_000629,0,0
remb_002437,cred_001057,5,0
remb_002438,cred_001226,1,0
remb_002439,cred_002414,15,0
remb_002440,cred_002319,0,0
remb_002441,cred_000374,2,0
remb_002442,cred_000388,0,0
remb_002443,cred_001256,0,0
remb_002444,cred_000424,0,0
remb_002445,cred_001270,0,0
remb_002446,cred_001036,0,0
remb_002447,cred_001571,10,0
remb_002448,cred_001807,0,0
remb_002449,cred_000854,0,0
remb_002450,cred_001646,0,0
remb_002451,cred_001787,0,0
remb_002452,cred_001595,1,0
remb_002453,cred_000283,0,0
remb_002454,cred_001735,0,0
remb_002455,cred_000885,0,0
remb_002456,cred_000577,0,0
remb_002457,cred_001166,0,0
remb_002458,cred_000558,0,0
remb_002459,cred_002407,0,0
remb_002460,cred_000591,1,0
remb_002461,cred_001369,0,0
remb_002462,cred_000460,0,0
remb_002463,cred_001043,0,0
remb_002464,cred_002388,5,0
remb_002465,cred_001196,0,0
remb_002466,cred_001890,40,1
remb_002467,cred_000681,0,0
remb_002468,cred_000656,32,1
remb_002469,cred_002429,0,0
remb_002470,cred_000072,51,1
remb_002471,cred_002115,77,1
remb_002472,cred_002662,2,0
remb_002473,cred_001183,70,1
remb_002474,cred_000940,53,1
remb_002475,cred_002409,0,0
remb_002476,cred_000744,0,0
remb_002477,cred_000012,15,0
remb_002478,cred_001165,78,1
remb_002479,cred_002301,0,0
remb_002480,cred_002700,5,0
remb_002481,cred_002408,0,0
remb_002482,cred_000106,0,0
remb_002483,cred_001176,0,0
remb_002484,cred_001777,0,0
remb_002485,cred_001450,0,0
remb_002486,cred_001068,0,0
remb_002487,cred_001373,74,1
remb_002488,cred_002676,69,1
remb_002489,cred_001426,0,0
remb_002490,cred_002208,15,0
remb_002491,cred_001268,0,0
remb_002492,cred_002179,2,0
remb_002493,cred_000110,0,0
remb_002494,cred_001031,43,1
remb_002495,cred_000690,0,0
remb_002496,cred_000113,10,0
remb_002497,cred_000481,0,0
remb_002498,cred_002080,0,0
remb_002499,cred_000748,1,0
remb_002500,cred_001329,0,0
remb_002501,cred_002235,91,1
remb_002502,cred_002649,1,0
remb_002503,cred_000337,0,0
remb_002504,cred_001775,0,0
remb_002505,cred_000192,0,0
remb_002506,cred_002007,0,0
remb_002507,cred_001570,0,0
remb_002508,cred_001955,50,1
remb_002509,cred_002075,0,0
remb_002510,cred_000398,0,0
remb_002511,cred_000692,0,0
remb_002512,cred_002107,0,0
remb_002513,cred_000131,0,0
remb_002514,cred_000729,1,0
remb_002515,cred_002454,0,0
remb_002516,cred_001397,0,0
remb_002517,cred_001503,0,0
remb_002518,cred_001501,0,0
remb_002519,cred_001581,52,1
remb_002520,cred_001479,104,1
remb_002521,cred_000353,0,0
remb_002522,cred_001859,0,0
remb_002523,cred_002108,0,0
remb_002524,cred_001977,44,1
remb_002525,cred_000665,0,0
remb_002526,cred_002040,0,0
remb_002527,cred_000647,1,0
remb_002528,cred_002012,107,1
remb_002529,cred_000103,0,0
remb_002530,cred_002156,0,0
remb_002531,cred_000058,0,0
remb_002532,cred_001000,0,0
remb_002533,cred_002046,0,0
remb_002534,cred_000074,38,1
remb_002535,cred_002663,0,0
remb_002536,cred_001579,0,0
remb_002537,cred_000135,0,0
remb_002538,cred_000570,0,0
remb_002539,cred_001350,0,0
remb_002540,cred_002510,0,0
remb_002541,cred_002711,0,0
remb_002542,cred_000429,0,0
remb_002543,cred_002423,0,0
remb_002544,cred_000730,1,0
remb_002545,cred_000427,40,1
remb_002546,cred_002497,15,0
remb_002547,cred_000763,0,0
remb_002548,cred_001818,0,0
remb_002549,cred_000203,0,0
remb_002550,cred_001447,0,0
remb_002551,cred_000622,1,0
remb_002552,cred_001007,0,0
remb_002553,cred_002704,92,1
remb_002554,cred_001187,0,0
remb_002555,cred_002524,2,0
remb_002556,cred_000137,53,1
remb_002557,cred_000596,0,0
remb_002558,cred_002285,0,0
remb_002559,cred_001731,0,0
remb_002560,cred_001578,0,0
remb_002561,cred_002361,5,0
remb_002562,cred_002413,0,0
remb_002563,cred_002041,91,1
remb_002564,cred_002476,2,0
remb_002565,cred_002596,0,0
remb_002566,cred_000177,0,0
remb_002567,cred_001042,0,0
remb_002568,cred_000991,0,0
remb_002569,cred_000776,0,0
remb_002570,cred_001139,0,0
remb_002571,cred_002690,0,0
remb_002572,cred_001345,0,0
remb_002573,cred_000788,0,0
remb_002574,cred_000320,15,0
remb_002575,cred_001404,1,0
remb_002576,cred_002141,1,0
remb_002577,cred_000310,0,0
remb_002578,cred_002522,0,0
remb_002579,cred_001159,109,1
remb_002580,cred_002371,0,0
remb_002581,cred_001620,0,0
remb_002582,cred_001313,0,0
remb_002583,cred_002184,0,0
remb_002584,cred_001730,0,0
remb_002585,cred_001806,0,0
remb_002586,cred_001674,0,0
remb_002587,cred_002341,118,1
remb_002588,cred_002431,0,0
remb_002589,cred_000318,46,1
remb_002590,cred_002105,0,0
remb_002591,cred_000813,0,0
remb_002592,cred_001104,1,0
remb_002593,cred_001253,5,0
remb_002594,cred_000040,0,0
remb_002595,cred_001232,59,1
remb_002596,cred_001847,0,0
remb_002597,cred_002207,0,0
remb_002598,cred_002511,0,0
remb_002599,cred_000248,61,1
remb_002600,cred_000415,0,0
remb_002601,cred_001188,0,0
remb_002602,cred_000687,107,1
remb_002603,cred_000917,0,0
remb_002604,cred_002306,0,0
remb_002605,cred_000711,1,0
remb_002606,cred_002526,0,0
remb_002607,cred_000905,1,0
remb_002608,cred_002137,0,0
remb_002609,cred_000130,0,0
remb_002610,cred_001517,0,0
remb_002611,cred_002245,0,0
remb_002612,cred_001924,0,0
remb_002613,cred_001105,0,0
remb_002614,cred_001011,5,0
remb_002615,cred_002594,2,0
remb_002616,cred_000256,0,0
remb_002617,cred_002229,0,0
remb_002618,cred_000669,0,0
remb_002619,cred_001454,40,1
remb_002620,cred_002013,0,0
remb_002621,cred_002469,0,0
remb_002622,cred_001457,2,0
remb_002623,cred_001473,31,1
remb_002624,cred_000439,1,0
remb_002625,cred_000023,0,0
remb_002626,cred_001707,0,0
remb_002627,cred_001271,15,0
remb_002628,cred_000764,1,0
remb_002629,cred_000747,15,0
remb_002630,cred_001467,0,0
remb_002631,cred_001621,0,0
remb_002632,cred_001528,0,0
remb_002633,cred_001555,0,0
remb_002634,cred_000780,0,0
remb_002635,cred_001903,0,0
remb_002636,cred_002675,0,0
remb_002637,cred_000039,0,0
remb_002638,cred_001874,0,0
remb_002639,cred_001174,0,0
remb_002640,cred_001880,0,0
remb_002641,cred_000461,0,0
remb_002642,cred_000104,0,0
remb_002643,cred_001825,0,0
remb_002644,cred_001173,0,0
remb_002645,cred_001012,67,1
remb_002646,cred_000937,0,0
remb_002647,cred_001015,0,0
remb_002648,cred_000200,0,0
remb_002649,cred_002251,0,0
remb_002650,cred_000358,1,0
remb_002651,cred_001812,0,0
remb_002652,cred_000712,0,0
remb_002653,cred_000330,0,0
remb_002654,cred_000377,2,0
remb_002655,cred_002210,0,0
remb_002656,cred_001643,82,1
remb_002657,cred_001611,1,0
remb_002658,cred_000501,0,0
remb_002659,cred_000029,0,0
remb_002660,cred_001257,0,0
remb_002661,cred_002477,1,0
remb_002662,cred_001327,0,0
remb_002663,cred_000073,0,0
remb_002664,cred_002211,0,0
remb_002665,cred_002479,0,0
remb_002666,cred_000414,0,0
remb_002667,cred_000457,0,0
remb_002668,cred_002052,88,1
remb_002669,cred_002261,5,0
remb_002670,cred_002444,0,0
remb_002671,cred_000919,70,1
remb_002672,cred_000740,0,0
remb_002673,cred_000286,0,0
remb_002674,cred_000321,51,1
remb_002675,cred_002377,1,0
remb_002676,cred_001661,0,0
remb_002677,cred_002404,5,0
remb_002678,cred_001013,1,0
remb_002679,cred_002616,0,0
remb_002680,cred_000282,0,0
remb_002681,cred_001323,0,0
remb_002682,cred_002697,0,0
remb_002683,cred_000626,34,1
remb_002684,cred_000575,68,1
remb_002685,cred_000373,0,0
remb_002686,cred_002531,15,0
remb_002687,cred_001873,0,0
remb_002688,cred_000331,0,0
remb_002689,cred_000930,0,0
remb_002690,cred_002678,0,0
remb_002691,cred_000784,0,0
remb_002692,cred_002252,1,0
remb_002693,cred_001974,59,1
remb_002694,cred_002430,110,1
remb_002695,cred_002066,35,1
remb_002696,cred_002262,32,1
remb_002697,cred_001732,0,0
remb_002698,cred_001677,0,0
remb_002699,cred_000701,0,0
remb_002700,cred_001973,0,0
remb_002701,cred_001546,2,0
remb_002702,cred_001456,0,0
remb_002703,cred_000998,0,0
remb_002704,cred_002478,2,0
remb_002705,cred_000508,0,0
remb_002706,cred_002298,1,0
remb_002707,cred_000510,0,0
remb_002708,cred_000402,0,0
remb_002709,cred_000401,0,0
remb_002710,cred_000519,75,1
remb_002711,cred_001324,60,1
remb_002712,cred_001523,113,1
